/*
SQLyog Enterprise - MySQL GUI v8.05 
MySQL - 5.5.5-10.4.20-MariaDB : Database - sgdp_pocket
*********************************************************************
*/

/*!40101 SET NAMES utf8 */;

/*!40101 SET SQL_MODE=''*/;

/*!40014 SET @OLD_FOREIGN_KEY_CHECKS=@@FOREIGN_KEY_CHECKS, FOREIGN_KEY_CHECKS=0 */;
/*!40101 SET @OLD_SQL_MODE=@@SQL_MODE, SQL_MODE='NO_AUTO_VALUE_ON_ZERO' */;

CREATE DATABASE /*!32312 IF NOT EXISTS*/`sgdp_pocket` /*!40100 DEFAULT CHARACTER SET utf8mb4 */;

USE `sgdp_pocket`;

/*Table structure for table `akun` */

DROP TABLE IF EXISTS `akun`;

CREATE TABLE `akun` (
  `id_akun` varchar(20) NOT NULL,
  `npk` int(6) NOT NULL,
  `password` varchar(255) NOT NULL,
  `role_id` int(1) NOT NULL,
  PRIMARY KEY (`id_akun`)
) ENGINE=InnoDB DEFAULT CHARSET=utf8mb4;

/*Data for the table `akun` */

insert  into `akun`(`id_akun`,`npk`,`password`,`role_id`) values ('AGT-103233',103233,'202cb962ac59075b964b07152d234b70',1),('AGT-103311',103311,'38dde973c54158a169c47b80c73a0d7d',1),('AGT-216080',216080,'202cb962ac59075b964b07152d234b70',1),('AGT-225668',225668,'3fea5d631e97f1a8f0762871fe9c8ffd',1),('AGT-225685',225685,'8bafb6a50230b805e9925fb4e88d061e',1),('AGT-225711',225711,'9c6face0761ccaf6ecbf49047dac48b1',1),('AGT-225723',225723,'ed8b746c0b28b805f96df8c0fa3117c2',1),('AGT-225724',225724,'ad008ee69579f2e6e63a8fd460398b5c',1),('AGT-225725',225725,'909e6f4d8a85ef818dea5d10e563bf92',1),('AGT-225726',225726,'8d56d6006292ed088c20e8c28eca5356',1),('AGT-225727',225727,'74d6c0ef0040f0053386eaace0cca7ab',1),('AGT-225728',225728,'613e8301788b5a4d73f3da22ead8ac27',1),('AGT-225729',225729,'c48bc91c4ed9254fd334175b58cda8f0',1),('AGT-225730',225730,'517a1cc7558e063258dedbf2661bd05d',1),('AGT-225731',225731,'a00cd669fe4f7e0eb5fba559ea485c82',1),('AGT-225732',225732,'2f4d7db18b3ecabe0a5ca80787ed6f5d',1),('AGT-225733',225733,'0bebc0b1d2c11e4736cdfb1a1b0806f9',1),('AGT-225734',225734,'badae8d58dbddd5419679bf6db82379b',1),('AGT-225735',225735,'cd8ed2e94600ee724785fdd35dff0e81',1),('AGT-225736',225736,'209bbca19f9dc0768795901f11182183',1),('AGT-225737',225737,'e4eb7a02b5fdd926eb60cdab1361b4fa',1),('AGT-225738',225738,'3b0291c20db0384de21727554b151f9e',1),('AGT-225741',225741,'2f923b787d0fabe13c0e6fb9d7888ede',1),('AGT-225743',225743,'577afa6890d661991ca8a2be72c9c357',1),('AGT-225744',225744,'8ccb63d66c7e0344197095862aa33406',1),('AGT-225745',225745,'897dad1754fc45798e3bd7467fcb80e9',1),('AGT-225746',225746,'2fe3a3cb0c5f6f80b622c1725db4b76b',1),('AGT-225794',225794,'8c08ea8ff7fb1a20ea95ebe6b6cb7585',1),('AGT-225805',225805,'c1b8cb77e8341a0ba7d1b90945ef248e',1),('AGT-225807',225807,'7dd1bb4350074d8aa162874d9ee2d529',1),('AGT-225808',225808,'9746fea2965d50cfb4079085601b9c9a',1),('AGT-225810',225810,'52439f010fc18119a58716a2cb917584',1),('AGT-225814',225814,'1b56496cd032141b92e5cb65bce56661',1),('AGT-225816',225816,'beaca1a921f1f14b352bf3fedb19b354',1),('AGT-225817',225817,'e4f8e3a5d06fee7ebd32807f511f8793',1),('AGT-225818',225818,'0f67641b05751db83ea6c3a79f03503a',1),('AGT-225819',225819,'655d0a6e3c2ded98e723ec6bc2b8ea6e',1),('AGT-225820',225820,'0076a2f8fa035ce88e6e16997cf10f96',1),('AGT-225823',225823,'af66d21ff202af55d488047de245c0b4',1),('AGT-225827',225827,'4ec40c7dafd9fef135344fe8dfac44c8',1),('AGT-225828',225828,'074de5ae6ea4535cb0c2620bee56e1c7',1),('AGT-225832',225832,'464b7ba6ea26a322e82fac15a6bedf37',1),('AGT-225833',225833,'cb5415aa3524ce92152f8624f872ebf9',1),('AGT-225834',225834,'e8772904a66193aceed227782f3d6d70',1),('AGT-225835',225835,'1f14e141552d07fc35ec55b963c77a05',1),('AGT-225836',225836,'2b04f2d7f63a7ce983154730aa149345',1),('AGT-225837',225837,'fe6f325143904dc19924122028056c39',1),('AGT-225838',225838,'073de6c9f7a2ed036747e202c539f495',1),('AGT-225839',225839,'67c00b27873e2a7e3553e85847e0855c',1),('AGT-225840',225840,'6ced5cd37adb8cb0015081b3f8eeeb77',1),('AGT-225841',225841,'00a2c36fc54939c08299355c61922293',1),('AGT-225843',225843,'42add232aaf9343636a01d01758b15fc',1),('AGT-225844',225844,'fbc1c947386c83c9f8c89fe10a10609c',1),('AGT-225845',225845,'8601c6ec537e1e3f98f4d65362687e74',1),('AGT-225846',225846,'a2d9ecc5dee3d9330ee70ebdfe173438',1),('AGT-225847',225847,'073f341451aa03af084a51dc0b39a43e',1),('AGT-225849',225849,'412dc26c84dc108119bfb51e1d19d0c1',1),('AGT-225850',225850,'2705ba28c114203c3fc27a8d9bb804de',1),('AGT-225851',225851,'aa961add9aa9a8b5a19a51bcf5bf652c',1),('AGT-225856',225856,'8a06e1eb68189ccd352d8c64f09906b8',1),('AGT-225858',225858,'067d8d6c038601ce8b0b506547258bec',1),('AGT-225859',225859,'6fb5a7d7841eccce8fe11a9b98ca511d',1),('AGT-225860',225860,'1c5a694aff6554bc370df85f89e01e85',1),('AGT-225861',225861,'d8a88ecc176394aaeff67a6e04ab4b82',1),('AGT-225862',225862,'5041aa2c50a20f17379585bbefdfedb9',1),('AGT-225863',225863,'006926b1e51a64492cf484469d2570cc',1),('AGT-225864',225864,'fda83304d8073bb3b605080d3d0b380d',1),('AGT-225865',225865,'30e287da03b40dc9c51f2607a25c5a7b',1),('AGT-225867',225867,'b3df66a7768b1508c7c597ed3d825743',1),('AGT-225869',225869,'8201a62a0a1025587b1c483960eea4ad',1),('AGT-225872',225872,'82a2a20a78ccd0bbcf56f27e1811e782',1),('AGT-225873',225873,'971f1e5806012c674d20b4d4f4c836aa',1),('AGT-225875',225875,'a337808c17fb284d61e923bcf64897a4',1),('AGT-225876',225876,'0b8afefd2f46492efa68c2bbd4c25332',1),('AGT-225877',225877,'d211441c0a30d78daeba224b7a64ace2',1),('AGT-225878',225878,'b534b612a21626316717857487de510e',1),('AGT-225880',225880,'05ae1368a6ed3ad1415bea9e18fe9ddf',1),('AGT-225882',225882,'d0a8953ef9051bbcd2afe3a3a718bbfd',1),('AGT-225884',225884,'8edd844c711342fe52acbde6f7488f84',1),('AGT-225885',225885,'acd422bd835ec3de95ecdae509d10abe',1),('AGT-225886',225886,'05a6a5f9ea6e06078aa31c898965c02f',1),('AGT-225887',225887,'ceab364476fec424fedd04cfa46031ab',1),('AGT-225888',225888,'8174a89c5e7e6cd641d1d7ff12d609d7',1),('AGT-225889',225889,'76b63cfc0d838e0c22875926349ccf4d',1),('AGT-225890',225890,'f3e40113064f7e55df6c837b268107d8',1),('AGT-225891',225891,'4ae998b9616b5e559ece43d9931e84c1',1),('AGT-225892',225892,'abeb45283a4cf0ec8329224861088594',1),('AGT-225893',225893,'2ac953de6f29e50953b8610d05db8f96',1),('AGT-225894',225894,'614a0a8ff2d6c4da35b8966877276808',1),('AGT-225895',225895,'7df63eaeea744df2f32238d72d26c079',1),('AGT-225896',225896,'fd95efc268740bcf2da06d81a765b68e',1),('AGT-225897',225897,'3eaa1efccd00f272182b21207494fbe9',1),('AGT-225899',225899,'0da366119f8aee6237b9258a60b0ac15',1),('AGT-225900',225900,'fcfd941f4af225df182719b4c45f11d2',1),('AGT-225901',225901,'038aaa604de59dc17505037a771de394',1),('AGT-225902',225902,'6665948ac68d8ce3cdcfe9a8802a8b1b',1),('AGT-225903',225903,'9185f7919ca714535f3e6a9585f97871',1),('AGT-225904',225904,'1593179829298a964a6b62455cd751d5',1),('AGT-225905',225905,'40ed705298a6343846723aa740e5bf5c',1),('AGT-225906',225906,'adcb3456b06f5423fb52bf86bfb1fe74',1),('AGT-225907',225907,'46e2c9825ea56cb8c9498dc22de0bddd',1),('AGT-225908',225908,'bfcdd024d7906b01b5ffee811a23f8a0',1),('AGT-225909',225909,'c14c16263502ea813333119ab3af0ea8',1),('AGT-225911',225911,'37ebce8add12e77ffa800b7a0dbbb4b4',1),('AGT-225912',225912,'f746553113be7adcfa719a41e79c0524',1),('AGT-225914',225914,'6107503c4dfcda99b8361743f635b467',1),('AGT-225916',225916,'793cc209b485ab7267681cfb429f350a',1),('AGT-225917',225917,'f0e0b455bc62c3cccc57032a1316b011',1),('AGT-225919',225919,'6c9b586432c889be430a2988943ec3cd',1),('AGT-225921',225921,'3fced712229f0ec5b4c8768e8eb3ee14',1),('AGT-225922',225922,'cdb15f135960221e443cf3ac7b999361',1),('AGT-225923',225923,'cf485ac10bd6ae89e6c775c0cd3fbe0c',1),('AGT-225924',225924,'4d1c64f5ecdd06121fde97ca18b28395',1),('AGT-225926',225926,'684397853b58da8d8b70cf5d01332172',1),('AGT-225927',225927,'c92f1390909ed68db898f8c0f6051143',1),('AGT-225928',225928,'9f637ed29ad2c1ffa2cc5886002c5f4a',1),('AGT-225931',225931,'dbe640ed4cf31a82a7375b6eeee2dabb',1),('AGT-225932',225932,'86996cbbd1af4981a880a47b19f09a4b',1),('AGT-225933',225933,'23648d4544b5530fdb030824965a9e89',1),('AGT-225934',225934,'f09af52046c64377bb559b7fc1147c98',1),('AGT-225935',225935,'68484cef2bb60ec483224798877e913a',1),('AGT-225936',225936,'ed1484cc45f096964ac37dede1ee7fb9',1),('AGT-225937',225937,'acb71843000c40fd31b618ab7d1abe2a',1),('AGT-225938',225938,'c789c1c61199c3e7e044d2582e6c9973',1),('AGT-225939',225939,'28afe03e74b92c9d373666b395b6c446',1),('AGT-225940',225940,'ec470c6ef60d783369f36a4ebb2c6efa',1),('AGT-225941',225941,'452729615e5faf8f6ec523c876da8209',1),('AGT-225942',225942,'9ffdb4b53604b4f4827fa530d7f8b52b',1),('AGT-225943',225943,'979c6593a650d5b166edd2249537e5b2',1),('AGT-225944',225944,'f92216e84539ce4a7c73e2670dd419a7',1),('AGT-225946',225946,'04f88bd2cd47fd1f05b10fe48b612c08',1),('AGT-225947',225947,'539caed5eb8be8890e921d62413a0d71',1),('AGT-225959',225959,'379e82073fd2c65e5bb6fb65c86e319e',1),('AGT-225962',225962,'0195ed6e45b1b2ea1023a5435e713913',1),('AGT-225963',225963,'cb9184d099d2a5bbee4de1e8f59d1b16',1),('AGT-225964',225964,'cd49efeaa1dbc6046dea4808496652e2',1),('AGT-225965',225965,'1b14ab2ea1d7848ffa181873676a0365',1),('AGT-225966',225966,'1ac5a1dbd6991647841c55ed82305979',1),('AGT-225967',225967,'71516244cb3b599363054c80b51b5c00',1),('AGT-225968',225968,'f927438f9938b4e27bf29b42634c6574',1),('AGT-225969',225969,'1781d4c52ad8fd7028ada1fd21691616',1),('AGT-225976',225976,'9c263119d7eff70416205fbf873bd7a5',1),('AGT-225978',225978,'09d1b48aa0c39ff64f86b72fcf619007',1),('AGT-225980',225980,'7f6baf9bd741c8fe303d23ace79e3c6e',1),('AGT-225982',225982,'3ac419e27886d01a46931e842af6b816',1),('AGT-225984',225984,'ca76e90ea4bb0b06eb5fa94d38db6ebe',1),('AGT-225988',225988,'9e5e2d49fb3bdd37ad2b4d29e580a4b1',1),('AGT-225989',225989,'2846517d4b2b80ec929f45ea6eb6987d',1),('AGT-225990',225990,'0fcb32baaca68a18c963210d5fa5b978',1),('AGT-225993',225993,'7214dcf78b0bc9b25eea8ebe0ee92cfe',1),('AGT-225996',225996,'d378c1181977ffb28cf8e6b7f1c1e178',1),('AGT-225997',225997,'26a85273eaf7231270dade90cfcfdf20',1),('AGT-225999',225999,'6a7e18de32d3bd2531c328fb58ef4e11',1),('AGT-226001',226001,'c23426add743b4bfe290dc4917c7c713',1),('AGT-226002',226002,'58c6fe247785e7a515e7305b0c87f17d',1),('AGT-226003',226003,'df60f90d495d13f8ef1f030743a1283a',1),('AGT-226005',226005,'d7f74ebff6fcbae1c53e832eabeb337a',1),('AGT-226007',226007,'7d46881a9ad35f9791ed566b91e821a9',1),('AGT-226009',226009,'c684ffbbbbff162beec246f3bfce9b8f',1),('AGT-226010',226010,'88f72d1e2d40aac1e68ad49363821306',1),('AGT-226013',226013,'6fe5ba5bb1af73cdb69d00e9905d7538',1),('AGT-226014',226014,'6ac05d7a5b667b54581780951e8438e7',1),('AGT-226017',226017,'e6d2747612fbbda42ef7daf9ef0c5fae',1),('AGT-226018',226018,'46bc5f1300b4a6c092579d67018a13ab',1),('AGT-226019',226019,'2ce913b56a8cad5cc3e4a178713819ef',1),('AGT-226021',226021,'95a9453bab3adbe4492afd1cdce2b76a',1),('AGT-226022',226022,'1f3e53d4d6fc5485bc824542e8f3f063',1),('AGT-226023',226023,'d2dd2b643dfb7fee412ead9d54692abb',1),('AGT-226024',226024,'0533c73687521119d648c9bf5280194d',1),('AGT-226025',226025,'484dab7aa0c0e7075c2291938740b2b6',1),('AGT-226026',226026,'a61dff5b01d05d9707d973aa03e97322',1),('AGT-226027',226027,'7344bb24618c724c16cdf7dec03738da',1),('AGT-226028',226028,'fb9256c30463579eca34394d2ec2bd38',1),('AGT-226030',226030,'2b9756c610f26ad6a63af55357077aa8',1),('AGT-226031',226031,'a0de6cada4b3e9390cd8fb10fcdbb9a0',1),('AGT-226032',226032,'9ca0b10479f179b2f6ed1ce3021dbd41',1),('AGT-226033',226033,'361ea6536a6f61563495650b55f70e8a',1),('AGT-226034',226034,'4f3f20a00f62e5c9053b4202891ef69c',1),('AGT-226035',226035,'0a1f414a9815652e6f65f3dd0058d683',1),('AGT-226037',226037,'9b292fab33d4d1d815d692af2619b21c',1),('AGT-226040',226040,'8459ac20cd2d1d67967ad4a5b277dd36',1),('AGT-226041',226041,'4470d7107afd4f5152a9ba17b411aca3',1),('AGT-226042',226042,'509b05cb166abe87bf5842642aa19a70',1),('AGT-226044',226044,'94004eea12c20912bfaee1ff3d680cca',1),('AGT-226045',226045,'861c6036bc3e2166eaeb2f4f14a5b079',1),('AGT-226047',226047,'bbc066947e1d2b555ce9087b2f2b741e',1),('AGT-226048',226048,'b351fc33288738b7e0ca008f5bdd8b7f',1),('AGT-226049',226049,'4c6c6cfe6fabf4766fe65aebd98f0516',1),('AGT-226050',226050,'18f8921928a2c9294afca9d7910adcac',1),('AGT-226051',226051,'5e3d97c6774d735fb890a3cb745e8cf0',1),('AGT-226052',226052,'b530f4b470602931550966926bab1a38',1),('AGT-226054',226054,'c511e5481e76b3364c0e86b4b4c7f298',1),('AGT-226055',226055,'e5b02e7f88d47934ac8ebdf9bc3abe45',1),('AGT-226056',226056,'c76f0128f4265dd835285af6eccbe642',1),('AGT-226057',226057,'8fadbffc3a5b875ea513322716e05cbc',1),('AGT-226059',226059,'3dc54892f5dc095cf829ea9fe1930040',1),('AGT-226060',226060,'6f1c3efdf11afdbab56fd3b836f12054',1),('AGT-226061',226061,'6cb67ea753176657e2c976710805bbee',1),('AGT-226064',226064,'94462a866e0c8ebae1608de18b70fd18',1),('AGT-226065',226065,'063f83810eb3e32f44c9266a474a0eaa',1),('AGT-226066',226066,'4c35381b6b251c3b17ffb1842a2952bc',1),('AGT-226068',226068,'79bbb6948069378d16015226a616b554',1),('AGT-226069',226069,'c4f9b97c9de403052ec15eb301872c9f',1),('AGT-226070',226070,'97090177ccbca2706273b8b798e468cf',1),('AGT-226071',226071,'f69315ede1df92ef7fd55ecc63dd96a4',1),('AGT-226072',226072,'bd937e65947c6aca90ed26ecd15667b9',1),('AGT-226075',226075,'3bfa6905ffde887c6d25d3f802a5b6a2',1),('AGT-226076',226076,'64ef37b4319cfd632d80d01ea4f15eb8',1),('AGT-226077',226077,'adcf366c17003662266b20ce166d23e4',1),('AGT-226078',226078,'dd292d1c45175c295c84a9bfb2fbe795',1),('AGT-226080',226080,'9e83c9211ad83ed591d3bf74484370b3',1),('AGT-226081',226081,'ae399272b49bb07216335cb4bde82023',1),('AGT-226082',226082,'c7c3b6eb2e314a308b72a54a50e145e3',1),('AGT-226084',226084,'a3c005e7e37f38d4246bfc6afe29abb7',1),('AGT-226085',226085,'c4f47223775c1d03542e07846e8b1322',1),('AGT-226086',226086,'2958aa0898804afbda5b2ad5f579f8a7',1),('AGT-226087',226087,'84ba309ce1fc4a463db87a8aad20b22e',1),('AGT-226088',226088,'d0d35e0cbf0fc5f4c60d18f8b941a168',1),('AGT-226090',226090,'caf64f090609752e9c0bb21f8439926e',1),('AGT-226092',226092,'60c690918d9ed9de58b8253c637d9217',1),('AGT-226094',226094,'98f294c69794a2efa822d709d93a739f',1),('AGT-226095',226095,'c3133fcc456a82775afb2d8e949f51d4',1),('AGT-226097',226097,'a2f9c6ce9970e37e69f8ac8001708dfe',1),('AGT-226099',226099,'ea2fdd593e9588237f20a14cbb135a0a',1),('AGT-226101',226101,'d21bf3f9d7a31933f6eefb73799a5d67',1),('AGT-226102',226102,'a30c722df4c84a677ecc562ebb77bc0f',1),('AGT-226103',226103,'025708e7e62ce85da99d374662e4f4df',1),('AGT-226104',226104,'0c8c39c279ba8d8e9ecaf30f181271c4',1),('AGT-226106',226106,'7449e1c8e5c74dc20084eac4114744d7',1),('AGT-226107',226107,'0525d4db207b8f8c49503dbf4e3ebd3d',1),('AGT-226108',226108,'5e93e5feb5e06ba645a664f9a95a535b',1),('AGT-226110',226110,'6629177302dfbdcca700686229c13a5e',1),('AGT-226111',226111,'40981930a09c373e5cd4acaba094ecd6',1),('AGT-226112',226112,'baf95e9a5310dbd1257d0a5dcbc2a8d8',1),('AGT-226113',226113,'47e6111b8e02507889415447f836ca99',1),('AGT-226116',226116,'c12c5123fc7f6d7235eaca3950e50d8e',1),('AGT-226117',226117,'4b699a372b6307f45eff10e5e3e80422',1),('AGT-226118',226118,'683b93eefa818397a5f56842cf220ffd',1),('AGT-226119',226119,'8c52fad51d9e9abf96ab62883856abb3',1),('AGT-226120',226120,'1e31de949620b2c95b25be7a4233e5f3',1),('AGT-226121',226121,'f42909ccd6c2334afabff2a7a43a0007',1),('AGT-226122',226122,'283e8e30082be1de4bab8fdc86964d69',1),('AGT-226125',226125,'40d689745be64027821e33fdda84e565',1),('AGT-226126',226126,'c83ee7578ba63b595830956a1e125ac1',1),('AGT-226129',226129,'61a086899a9208d6df896c3ce40be534',1),('AGT-226130',226130,'e57717ef5d54c1a9d024a6d61e58d064',1),('AGT-226131',226131,'76219df196cfe3015774d0894e05a483',1),('AGT-226132',226132,'49151e07e8ab8323c0ce2a98a4c57849',1),('AGT-226133',226133,'c74ccb5a8d1873fa4b77d6771fc1bc5c',1),('AGT-226134',226134,'116b11fdf32dcbe9b98134db3eae4523',1),('AGT-226137',226137,'458ec8d90a11c1831b4fde4efb596bdc',1),('AGT-226139',226139,'9dfa20be2f1d27a5bfa028664b2f4e61',1),('AGT-226141',226141,'b435b8fb76a009144e80fd49524d0a56',1),('AGT-226144',226144,'fcf35a42d62f3fb0d08e3f8adfe8451f',1),('AGT-226148',226148,'b6cdb531378c157a89ed4f683641f34f',1),('AGT-226157',226157,'ba6cb8f69299779873aad054e7dcaadf',1),('AGT-226162',226162,'053ea466bb02b56399f75069bb22dd44',1),('AGT-226163',226163,'0687a1314ffaf7c4da21c79d40ba9d52',1),('AGT-226171',226171,'6765ae29a3aa7b762165e2c9110c7c3d',1),('AGT-226175',226175,'ef229e471d7e83cb074c0f78acd56139',1),('AGT-226176',226176,'f834d16c0a1eaa3d58436f0ed1d09119',1),('AGT-226178',226178,'73c6e34e7204d1e8ff630f12d71c8203',1),('AGT-226180',226180,'89ebdb79be0f41e068b0f72ed94e7c31',1),('AGT-226189',226189,'5ed714b1b5974a1667c349af891b913a',1),('AGT-226191',226191,'fcb62557acfd106d952a11562edd4592',1),('AGT-226192',226192,'be00c11b389f80f9913267c706c51eec',1),('AGT-226193',226193,'f4dc4b99cba02f4ae597c072276372cd',1),('AGT-226194',226194,'ee43b2c12f6aebd0db8d23b7ffc3ad00',1),('AGT-226195',226195,'7e61ea2776f127dcd3aa48a4f9eb4568',1),('AGT-226197',226197,'b49fb38fffb1626ca6e9f8e04beea266',1),('AGT-226200',226200,'99c4b002b1ca12124bbbf9270f2eeb5d',1),('AGT-226201',226201,'be060f40139381330d84c4a444b93078',1),('AGT-226205',226205,'eed991a5d408f0478a5bfbb5e174b73b',1),('AGT-226206',226206,'c1dfcaf93138e933e187ef9485798a1d',1),('AGT-226208',226208,'37fe03edb094835eb8c2d0d3b1200dc7',1),('AGT-226209',226209,'ea8fc444c61c4a17fc1005c7b6f8e92f',1),('AGT-226212',226212,'f97e749c19db820b3ad28a4a9e411bcb',1),('AGT-226215',226215,'1cd5cf81824a3a6ca77089445031e3d8',1),('AGT-226219',226219,'5615a6f934bd050d07e660e8cc1ecc80',1),('AGT-226224',226224,'5e61b46056f64d794458b125b3ed8f3a',1),('AGT-226226',226226,'97c52dfde7976a4f6931f1dbb3287577',1),('AGT-226229',226229,'f810a671ff2deaffe08eede1c05c153e',1),('AGT-226231',226231,'80c75e374971345caa1eac5cc3a3ff47',1),('AGT-226235',226235,'e9ed0a38ae765e5c706f47a921db1286',1),('AGT-226238',226238,'a5e5e1e8e2dc1d32e3ec3a2711bc15b0',1),('AGT-226298',226298,'157726f85b9407a5a1284e59b27b2568',1),('AGT-226330',226330,'80782d1b24ccd7c6f2733565f6cf58b3',1),('AGT-226331',226331,'55d9bb8b86c88c99e5684e28dad60ab4',1),('AGT-226335',226335,'4a19933692ac188c7e804fe09244714d',1),('AGT-226336',226336,'f6d50918d45f681b1805136985df910d',1),('AGT-226337',226337,'5117304bb2164aa39820eab3c68d6184',1),('AGT-226338',226338,'380108b90e3bde9611596fd6894976f5',1),('AGT-226342',226342,'fc24da7f6ade9351133b0f74033b9024',1),('AGT-226343',226343,'0ea6cabbe31c3547a67ed35799b61db8',1),('AGT-226344',226344,'8d8c47e377b231aa0cd2e2c16009a403',1),('AGT-226345',226345,'35e89d5c919594dd0ebcbb833cd7d426',1),('AGT-226516',226516,'3e426a79e0a0a48df66d3a513e338253',1),('AGT-226869',226869,'d6176f5af81516c1942138922940878f',1),('AGT-226872',226872,'4e438b4eb349f0cc7e31290f81c02574',1),('AGT-227462',227462,'ba3d8556d0fe1001c8e9bc0c667d3ee0',1),('sip-987654',987654,'202cb962ac59075b964b07152d234b70',4);

/*Table structure for table `anggota` */

DROP TABLE IF EXISTS `anggota`;

CREATE TABLE `anggota` (
  `id_akun` varchar(25) DEFAULT NULL,
  `id_biodata` varchar(25) DEFAULT NULL,
  `id_employe` varchar(25) DEFAULT NULL,
  `id_korlap` varchar(25) DEFAULT NULL,
  `id_danru` varchar(25) DEFAULT NULL,
  `id_berkas` varchar(25) DEFAULT NULL,
  UNIQUE KEY `id_berkas` (`id_berkas`),
  UNIQUE KEY `id_akun` (`id_akun`),
  UNIQUE KEY `id_biodata` (`id_biodata`),
  UNIQUE KEY `id_employe` (`id_employe`)
) ENGINE=InnoDB DEFAULT CHARSET=utf8mb4;

/*Data for the table `anggota` */

insert  into `anggota`(`id_akun`,`id_biodata`,`id_employe`,`id_korlap`,`id_danru`,`id_berkas`) values ('AGT-225810','AGT-225810','AGT-225810','',NULL,'AGT-225810'),('AGT-225819','AGT-225819','AGT-225819',NULL,NULL,'AGT-225819'),('AGT-225840','AGT-225840','AGT-225840',NULL,NULL,'AGT-225840'),('AGT-225841','AGT-225841','AGT-225841',NULL,NULL,'AGT-225841'),('AGT-225858','AGT-225858','AGT-225858',NULL,NULL,'AGT-225858'),('AGT-225863','AGT-225863','AGT-225863',NULL,NULL,'AGT-225863'),('AGT-225869','AGT-225869','AGT-225869',NULL,NULL,'AGT-225869'),('AGT-225895','AGT-225895','AGT-225895',NULL,NULL,'AGT-225895'),('AGT-225911','AGT-225911','AGT-225911',NULL,NULL,'AGT-225911'),('AGT-225914','AGT-225914','AGT-225914',NULL,NULL,'AGT-225914'),('AGT-225916','AGT-225916','AGT-225916',NULL,NULL,'AGT-225916'),('AGT-225923','AGT-225923','AGT-225923',NULL,NULL,'AGT-225923'),('AGT-225932','AGT-225932','AGT-225932',NULL,NULL,'AGT-225932'),('AGT-225937','AGT-225937','AGT-225937',NULL,NULL,'AGT-225937'),('AGT-225938','AGT-225938','AGT-225938',NULL,NULL,'AGT-225938'),('AGT-225939','AGT-225939','AGT-225939',NULL,NULL,'AGT-225939'),('AGT-225940','AGT-225940','AGT-225940',NULL,NULL,'AGT-225940'),('AGT-225959','AGT-225959','AGT-225959',NULL,NULL,'AGT-225959'),('AGT-225964','AGT-225964','AGT-225964',NULL,NULL,'AGT-225964'),('AGT-226209','AGT-226209','AGT-226209',NULL,NULL,'AGT-226209'),('AGT-226331','AGT-226331','AGT-226331',NULL,NULL,'AGT-226331'),('AGT-226335','AGT-226335','AGT-226335',NULL,NULL,'AGT-226335'),('AGT-226336','AGT-226336','AGT-226336',NULL,NULL,'AGT-226336'),('AGT-225823','AGT-225823','AGT-225823',NULL,NULL,'AGT-225823'),('AGT-225856','AGT-225856','AGT-225856',NULL,NULL,'AGT-225856'),('AGT-225872','AGT-225872','AGT-225872',NULL,NULL,'AGT-225872'),('AGT-225875','AGT-225875','AGT-225875',NULL,NULL,'AGT-225875'),('AGT-225891','AGT-225891','AGT-225891',NULL,NULL,'AGT-225891'),('AGT-225917','AGT-225917','AGT-225917',NULL,NULL,'AGT-225917'),('AGT-225921','AGT-225921','AGT-225921',NULL,NULL,'AGT-225921'),('AGT-225928','AGT-225928','AGT-225928',NULL,NULL,'AGT-225928'),('AGT-225933','AGT-225933','AGT-225933',NULL,NULL,'AGT-225933'),('AGT-225935','AGT-225935','AGT-225935',NULL,NULL,'AGT-225935'),('AGT-225941','AGT-225941','AGT-225941',NULL,NULL,'AGT-225941'),('AGT-225943','AGT-225943','AGT-225943',NULL,NULL,'AGT-225943'),('AGT-225969','AGT-225969','AGT-225969',NULL,NULL,'AGT-225969'),('AGT-226019','AGT-226019','AGT-226019',NULL,NULL,'AGT-226019'),('AGT-226338','AGT-226338','AGT-226338',NULL,NULL,'AGT-226338'),('AGT-103233','AGT-103233','AGT-103233',NULL,NULL,'AGT-103233'),('AGT-225805','AGT-225805','AGT-225805',NULL,NULL,'AGT-225805'),('AGT-225817','AGT-225817','AGT-225817',NULL,NULL,'AGT-225817'),('AGT-225836','AGT-225836','AGT-225836',NULL,NULL,'AGT-225836'),('AGT-225845','AGT-225845','AGT-225845',NULL,NULL,'AGT-225845'),('AGT-225862','AGT-225862','AGT-225862',NULL,NULL,'AGT-225862'),('AGT-225864','AGT-225864','AGT-225864',NULL,NULL,'AGT-225864'),('AGT-225878','AGT-225878','AGT-225878',NULL,NULL,'AGT-225878'),('AGT-225890','AGT-225890','AGT-225890',NULL,NULL,'AGT-225890'),('AGT-225902','AGT-225902','AGT-225902',NULL,NULL,'AGT-225902'),('AGT-225907','AGT-225907','AGT-225907',NULL,NULL,'AGT-225907'),('AGT-225922','AGT-225922','AGT-225922',NULL,NULL,'AGT-225922'),('AGT-225947','AGT-225947','AGT-225947',NULL,NULL,'AGT-225947'),('AGT-225990','AGT-225990','AGT-225990',NULL,NULL,'AGT-225990'),('AGT-225993','AGT-225993','AGT-225993',NULL,NULL,'AGT-225993'),('AGT-225997','AGT-225997','AGT-225997',NULL,NULL,'AGT-225997'),('AGT-226001','AGT-226001','AGT-226001',NULL,NULL,'AGT-226001'),('AGT-226017','AGT-226017','AGT-226017',NULL,NULL,'AGT-226017'),('AGT-226028','AGT-226028','AGT-226028',NULL,NULL,'AGT-226028'),('AGT-226031','AGT-226031','AGT-226031',NULL,NULL,'AGT-226031'),('AGT-226119','AGT-226119','AGT-226119',NULL,NULL,'AGT-226119'),('AGT-226125','AGT-226125','AGT-226125',NULL,NULL,'AGT-226125'),('AGT-226129','AGT-226129','AGT-226129',NULL,NULL,'AGT-226129'),('AGT-226130','AGT-226130','AGT-226130',NULL,NULL,'AGT-226130'),('AGT-226132','AGT-226132','AGT-226132',NULL,NULL,'AGT-226132'),('AGT-226139','AGT-226139','AGT-226139',NULL,NULL,'AGT-226139'),('AGT-226141','AGT-226141','AGT-226141',NULL,NULL,'AGT-226141'),('AGT-226144','AGT-226144','AGT-226144',NULL,NULL,'AGT-226144'),('AGT-226148','AGT-226148','AGT-226148',NULL,NULL,'AGT-226148'),('AGT-226162','AGT-226162','AGT-226162',NULL,NULL,'AGT-226162'),('AGT-226171','AGT-226171','AGT-226171',NULL,NULL,'AGT-226171'),('AGT-226175','AGT-226175','AGT-226175',NULL,NULL,'AGT-226175'),('AGT-226176','AGT-226176','AGT-226176',NULL,NULL,'AGT-226176'),('AGT-226178','AGT-226178','AGT-226178',NULL,NULL,'AGT-226178'),('AGT-226180','AGT-226180','AGT-226180',NULL,NULL,'AGT-226180'),('AGT-226189','AGT-226189','AGT-226189',NULL,NULL,'AGT-226189'),('AGT-226191','AGT-226191','AGT-226191',NULL,NULL,'AGT-226191'),('AGT-226192','AGT-226192','AGT-226192',NULL,NULL,'AGT-226192'),('AGT-226193','AGT-226193','AGT-226193',NULL,NULL,'AGT-226193'),('AGT-226194','AGT-226194','AGT-226194',NULL,NULL,'AGT-226194'),('AGT-226195','AGT-226195','AGT-226195',NULL,NULL,'AGT-226195'),('AGT-226197','AGT-226197','AGT-226197',NULL,NULL,'AGT-226197'),('AGT-226200','AGT-226200','AGT-226200',NULL,NULL,'AGT-226200'),('AGT-226205','AGT-226205','AGT-226205',NULL,NULL,'AGT-226205'),('AGT-226206','AGT-226206','AGT-226206',NULL,NULL,'AGT-226206'),('AGT-226208','AGT-226208','AGT-226208',NULL,NULL,'AGT-226208'),('AGT-226212','AGT-226212','AGT-226212',NULL,NULL,'AGT-226212'),('AGT-226215','AGT-226215','AGT-226215',NULL,NULL,'AGT-226215'),('AGT-226219','AGT-226219','AGT-226219',NULL,NULL,'AGT-226219'),('AGT-226224','AGT-226224','AGT-226224',NULL,NULL,'AGT-226224'),('AGT-226226','AGT-226226','AGT-226226',NULL,NULL,'AGT-226226'),('AGT-226229','AGT-226229','AGT-226229',NULL,NULL,'AGT-226229'),('AGT-226231','AGT-226231','AGT-226231',NULL,NULL,'AGT-226231'),('AGT-226235','AGT-226235','AGT-226235',NULL,NULL,'AGT-226235'),('AGT-226238','AGT-226238','AGT-226238',NULL,NULL,'AGT-226238'),('AGT-225711','AGT-225711','AGT-225711',NULL,NULL,'AGT-225711'),('AGT-225734','AGT-225734','AGT-225734',NULL,NULL,'AGT-225734'),('AGT-225745','AGT-225745','AGT-225745',NULL,NULL,'AGT-225745'),('AGT-225978','AGT-225978','AGT-225978',NULL,NULL,'AGT-225978'),('AGT-225999','AGT-225999','AGT-225999',NULL,NULL,'AGT-225999'),('AGT-226024','AGT-226024','AGT-226024',NULL,NULL,'AGT-226024'),('AGT-226047','AGT-226047','AGT-226047',NULL,NULL,'AGT-226047'),('AGT-226049','AGT-226049','AGT-226049',NULL,NULL,'AGT-226049'),('AGT-226061','AGT-226061','AGT-226061',NULL,NULL,'AGT-226061'),('AGT-226065','AGT-226065','AGT-226065',NULL,NULL,'AGT-226065'),('AGT-226071','AGT-226071','AGT-226071',NULL,NULL,'AGT-226071'),('AGT-226076','AGT-226076','AGT-226076',NULL,NULL,'AGT-226076'),('AGT-226078','AGT-226078','AGT-226078',NULL,NULL,'AGT-226078'),('AGT-226080','AGT-226080','AGT-226080',NULL,NULL,'AGT-226080'),('AGT-226081','AGT-226081','AGT-226081',NULL,NULL,'AGT-226081'),('AGT-226086','AGT-226086','AGT-226086',NULL,NULL,'AGT-226086'),('AGT-226087','AGT-226087','AGT-226087',NULL,NULL,'AGT-226087'),('AGT-226088','AGT-226088','AGT-226088',NULL,NULL,'AGT-226088'),('AGT-226095','AGT-226095','AGT-226095',NULL,NULL,'AGT-226095'),('AGT-226099','AGT-226099','AGT-226099',NULL,NULL,'AGT-226099'),('AGT-226101','AGT-226101','AGT-226101',NULL,NULL,'AGT-226101'),('AGT-226137','AGT-226137','AGT-226137',NULL,NULL,'AGT-226137'),('AGT-226157','AGT-226157','AGT-226157',NULL,NULL,'AGT-226157'),('AGT-227462','AGT-227462','AGT-227462',NULL,NULL,'AGT-227462'),('AGT-225746','AGT-225746','AGT-225746',NULL,NULL,'AGT-225746'),('AGT-225984','AGT-225984','AGT-225984',NULL,NULL,'AGT-225984'),('AGT-226005','AGT-226005','AGT-226005',NULL,NULL,'AGT-226005'),('AGT-226045','AGT-226045','AGT-226045',NULL,NULL,'AGT-226045'),('AGT-226057','AGT-226057','AGT-226057',NULL,NULL,'AGT-226057'),('AGT-226060','AGT-226060','AGT-226060',NULL,NULL,'AGT-226060'),('AGT-226068','AGT-226068','AGT-226068',NULL,NULL,'AGT-226068'),('AGT-226072','AGT-226072','AGT-226072',NULL,NULL,'AGT-226072'),('AGT-226082','AGT-226082','AGT-226082',NULL,NULL,'AGT-226082'),('AGT-226085','AGT-226085','AGT-226085',NULL,NULL,'AGT-226085'),('AGT-226104','AGT-226104','AGT-226104',NULL,NULL,'AGT-226104'),('AGT-226107','AGT-226107','AGT-226107',NULL,NULL,'AGT-226107'),('AGT-226111','AGT-226111','AGT-226111',NULL,NULL,'AGT-226111'),('AGT-226112','AGT-226112','AGT-226112',NULL,NULL,'AGT-226112'),('AGT-226116','AGT-226116','AGT-226116',NULL,NULL,'AGT-226116'),('AGT-225668','AGT-225668','AGT-225668',NULL,NULL,'AGT-225668'),('AGT-225685','AGT-225685','AGT-225685',NULL,NULL,'AGT-225685'),('AGT-226034','AGT-226034','AGT-226034',NULL,NULL,'AGT-226034'),('AGT-226035','AGT-226035','AGT-226035',NULL,NULL,'AGT-226035'),('AGT-226069','AGT-226069','AGT-226069',NULL,NULL,'AGT-226069'),('AGT-226092','AGT-226092','AGT-226092',NULL,NULL,'AGT-226092'),('AGT-226097','AGT-226097','AGT-226097',NULL,NULL,'AGT-226097'),('AGT-226120','AGT-226120','AGT-226120',NULL,NULL,'AGT-226120'),('AGT-216080','AGT-216080','AGT-216080',NULL,NULL,'AGT-216080'),('AGT-225794','AGT-225794','AGT-225794',NULL,NULL,'AGT-225794'),('AGT-225807','AGT-225807','AGT-225807',NULL,NULL,'AGT-225807'),('AGT-225808','AGT-225808','AGT-225808',NULL,NULL,'AGT-225808'),('AGT-225814','AGT-225814','AGT-225814',NULL,NULL,'AGT-225814'),('AGT-225816','AGT-225816','AGT-225816',NULL,NULL,'AGT-225816'),('AGT-225818','AGT-225818','AGT-225818',NULL,NULL,'AGT-225818'),('AGT-225820','AGT-225820','AGT-225820',NULL,NULL,'AGT-225820'),('AGT-225827','AGT-225827','AGT-225827',NULL,NULL,'AGT-225827'),('AGT-225828','AGT-225828','AGT-225828',NULL,NULL,'AGT-225828'),('AGT-225832','AGT-225832','AGT-225832',NULL,NULL,'AGT-225832'),('AGT-225833','AGT-225833','AGT-225833',NULL,NULL,'AGT-225833'),('AGT-225834','AGT-225834','AGT-225834',NULL,NULL,'AGT-225834'),('AGT-225835','AGT-225835','AGT-225835',NULL,NULL,'AGT-225835'),('AGT-225837','AGT-225837','AGT-225837',NULL,NULL,'AGT-225837'),('AGT-225838','AGT-225838','AGT-225838',NULL,NULL,'AGT-225838'),('AGT-225839','AGT-225839','AGT-225839',NULL,NULL,'AGT-225839'),('AGT-225843','AGT-225843','AGT-225843',NULL,NULL,'AGT-225843'),('AGT-225844','AGT-225844','AGT-225844',NULL,NULL,'AGT-225844'),('AGT-225846','AGT-225846','AGT-225846',NULL,NULL,'AGT-225846'),('AGT-225847','AGT-225847','AGT-225847',NULL,NULL,'AGT-225847'),('AGT-225849','AGT-225849','AGT-225849',NULL,NULL,'AGT-225849'),('AGT-225850','AGT-225850','AGT-225850',NULL,NULL,'AGT-225850'),('AGT-225851','AGT-225851','AGT-225851',NULL,NULL,'AGT-225851'),('AGT-225859','AGT-225859','AGT-225859',NULL,NULL,'AGT-225859'),('AGT-225860','AGT-225860','AGT-225860',NULL,NULL,'AGT-225860'),('AGT-225861','AGT-225861','AGT-225861',NULL,NULL,'AGT-225861'),('AGT-225865','AGT-225865','AGT-225865',NULL,NULL,'AGT-225865'),('AGT-225867','AGT-225867','AGT-225867',NULL,NULL,'AGT-225867'),('AGT-225873','AGT-225873','AGT-225873',NULL,NULL,'AGT-225873'),('AGT-225876','AGT-225876','AGT-225876',NULL,NULL,'AGT-225876'),('AGT-225877','AGT-225877','AGT-225877',NULL,NULL,'AGT-225877'),('AGT-225880','AGT-225880','AGT-225880',NULL,NULL,'AGT-225880'),('AGT-225882','AGT-225882','AGT-225882',NULL,NULL,'AGT-225882'),('AGT-225884','AGT-225884','AGT-225884',NULL,NULL,'AGT-225884'),('AGT-225885','AGT-225885','AGT-225885',NULL,NULL,'AGT-225885'),('AGT-225886','AGT-225886','AGT-225886',NULL,NULL,'AGT-225886'),('AGT-225887','AGT-225887','AGT-225887',NULL,NULL,'AGT-225887'),('AGT-225888','AGT-225888','AGT-225888',NULL,NULL,'AGT-225888'),('AGT-225889','AGT-225889','AGT-225889',NULL,NULL,'AGT-225889'),('AGT-225892','AGT-225892','AGT-225892',NULL,NULL,'AGT-225892'),('AGT-225893','AGT-225893','AGT-225893',NULL,NULL,'AGT-225893'),('AGT-225894','AGT-225894','AGT-225894',NULL,NULL,'AGT-225894'),('AGT-225896','AGT-225896','AGT-225896',NULL,NULL,'AGT-225896'),('AGT-225897','AGT-225897','AGT-225897',NULL,NULL,'AGT-225897'),('AGT-225899','AGT-225899','AGT-225899',NULL,NULL,'AGT-225899'),('AGT-225900','AGT-225900','AGT-225900',NULL,NULL,'AGT-225900'),('AGT-225901','AGT-225901','AGT-225901',NULL,NULL,'AGT-225901'),('AGT-225903','AGT-225903','AGT-225903',NULL,NULL,'AGT-225903'),('AGT-225904','AGT-225904','AGT-225904',NULL,NULL,'AGT-225904'),('AGT-225905','AGT-225905','AGT-225905',NULL,NULL,'AGT-225905'),('AGT-225906','AGT-225906','AGT-225906',NULL,NULL,'AGT-225906'),('AGT-225908','AGT-225908','AGT-225908',NULL,NULL,'AGT-225908'),('AGT-225909','AGT-225909','AGT-225909',NULL,NULL,'AGT-225909'),('AGT-225912','AGT-225912','AGT-225912',NULL,NULL,'AGT-225912'),('AGT-225919','AGT-225919','AGT-225919',NULL,NULL,'AGT-225919'),('AGT-225924','AGT-225924','AGT-225924',NULL,NULL,'AGT-225924'),('AGT-225926','AGT-225926','AGT-225926',NULL,NULL,'AGT-225926'),('AGT-225927','AGT-225927','AGT-225927',NULL,NULL,'AGT-225927'),('AGT-225931','AGT-225931','AGT-225931',NULL,NULL,'AGT-225931'),('AGT-225934','AGT-225934','AGT-225934',NULL,NULL,'AGT-225934'),('AGT-225936','AGT-225936','AGT-225936',NULL,NULL,'AGT-225936'),('AGT-225942','AGT-225942','AGT-225942',NULL,NULL,'AGT-225942'),('AGT-225944','AGT-225944','AGT-225944',NULL,NULL,'AGT-225944'),('AGT-225946','AGT-225946','AGT-225946',NULL,NULL,'AGT-225946'),('AGT-225962','AGT-225962','AGT-225962',NULL,NULL,'AGT-225962'),('AGT-225963','AGT-225963','AGT-225963',NULL,NULL,'AGT-225963'),('AGT-225965','AGT-225965','AGT-225965',NULL,NULL,'AGT-225965'),('AGT-225966','AGT-225966','AGT-225966',NULL,NULL,'AGT-225966'),('AGT-225967','AGT-225967','AGT-225967',NULL,NULL,'AGT-225967'),('AGT-225968','AGT-225968','AGT-225968',NULL,NULL,'AGT-225968'),('AGT-225988','AGT-225988','AGT-225988',NULL,NULL,'AGT-225988'),('AGT-226013','AGT-226013','AGT-226013',NULL,NULL,'AGT-226013'),('AGT-226014','AGT-226014','AGT-226014',NULL,NULL,'AGT-226014'),('AGT-226021','AGT-226021','AGT-226021',NULL,NULL,'AGT-226021'),('AGT-226023','AGT-226023','AGT-226023',NULL,NULL,'AGT-226023'),('AGT-226025','AGT-226025','AGT-226025',NULL,NULL,'AGT-226025'),('AGT-226027','AGT-226027','AGT-226027',NULL,NULL,'AGT-226027'),('AGT-226030','AGT-226030','AGT-226030',NULL,NULL,'AGT-226030'),('AGT-226102','AGT-226102','AGT-226102',NULL,NULL,'AGT-226102'),('AGT-226108','AGT-226108','AGT-226108',NULL,NULL,'AGT-226108'),('AGT-226118','AGT-226118','AGT-226118',NULL,NULL,'AGT-226118'),('AGT-226121','AGT-226121','AGT-226121',NULL,NULL,'AGT-226121'),('AGT-226126','AGT-226126','AGT-226126',NULL,NULL,'AGT-226126'),('AGT-226201','AGT-226201','AGT-226201',NULL,NULL,'AGT-226201'),('AGT-226298','AGT-226298','AGT-226298',NULL,NULL,'AGT-226298'),('AGT-226330','AGT-226330','AGT-226330',NULL,NULL,'AGT-226330'),('AGT-226337','AGT-226337','AGT-226337',NULL,NULL,'AGT-226337'),('AGT-226342','AGT-226342','AGT-226342',NULL,NULL,'AGT-226342'),('AGT-226343','AGT-226343','AGT-226343',NULL,NULL,'AGT-226343'),('AGT-226344','AGT-226344','AGT-226344',NULL,NULL,'AGT-226344'),('AGT-226345','AGT-226345','AGT-226345',NULL,NULL,'AGT-226345'),('AGT-226869','AGT-226869','AGT-226869',NULL,NULL,'AGT-226869'),('AGT-226872','AGT-226872','AGT-226872',NULL,NULL,'AGT-226872'),('AGT-225976','AGT-225976','AGT-225976',NULL,NULL,'AGT-225976'),('AGT-225980','AGT-225980','AGT-225980',NULL,NULL,'AGT-225980'),('AGT-225982','AGT-225982','AGT-225982',NULL,NULL,'AGT-225982'),('AGT-225989','AGT-225989','AGT-225989',NULL,NULL,'AGT-225989'),('AGT-225996','AGT-225996','AGT-225996',NULL,NULL,'AGT-225996'),('AGT-226002','AGT-226002','AGT-226002',NULL,NULL,'AGT-226002'),('AGT-226003','AGT-226003','AGT-226003',NULL,NULL,'AGT-226003'),('AGT-226007','AGT-226007','AGT-226007',NULL,NULL,'AGT-226007'),('AGT-226009','AGT-226009','AGT-226009',NULL,NULL,'AGT-226009'),('AGT-226010','AGT-226010','AGT-226010',NULL,NULL,'AGT-226010'),('AGT-226018','AGT-226018','AGT-226018',NULL,NULL,'AGT-226018'),('AGT-226022','AGT-226022','AGT-226022',NULL,NULL,'AGT-226022'),('AGT-226026','AGT-226026','AGT-226026',NULL,NULL,'AGT-226026'),('AGT-226032','AGT-226032','AGT-226032',NULL,NULL,'AGT-226032'),('AGT-226033','AGT-226033','AGT-226033',NULL,NULL,'AGT-226033'),('AGT-226037','AGT-226037','AGT-226037',NULL,NULL,'AGT-226037'),('AGT-226040','AGT-226040','AGT-226040',NULL,NULL,'AGT-226040'),('AGT-226041','AGT-226041','AGT-226041',NULL,NULL,'AGT-226041'),('AGT-226042','AGT-226042','AGT-226042',NULL,NULL,'AGT-226042'),('AGT-226044','AGT-226044','AGT-226044',NULL,NULL,'AGT-226044'),('AGT-226048','AGT-226048','AGT-226048',NULL,NULL,'AGT-226048'),('AGT-226050','AGT-226050','AGT-226050',NULL,NULL,'AGT-226050'),('AGT-226051','AGT-226051','AGT-226051',NULL,NULL,'AGT-226051'),('AGT-226052','AGT-226052','AGT-226052',NULL,NULL,'AGT-226052'),('AGT-226054','AGT-226054','AGT-226054',NULL,NULL,'AGT-226054'),('AGT-226055','AGT-226055','AGT-226055',NULL,NULL,'AGT-226055'),('AGT-226056','AGT-226056','AGT-226056',NULL,NULL,'AGT-226056'),('AGT-226059','AGT-226059','AGT-226059',NULL,NULL,'AGT-226059'),('AGT-226064','AGT-226064','AGT-226064',NULL,NULL,'AGT-226064'),('AGT-226066','AGT-226066','AGT-226066',NULL,NULL,'AGT-226066'),('AGT-226070','AGT-226070','AGT-226070',NULL,NULL,'AGT-226070'),('AGT-226077','AGT-226077','AGT-226077',NULL,NULL,'AGT-226077'),('AGT-226084','AGT-226084','AGT-226084',NULL,NULL,'AGT-226084'),('AGT-226090','AGT-226090','AGT-226090',NULL,NULL,'AGT-226090'),('AGT-226094','AGT-226094','AGT-226094',NULL,NULL,'AGT-226094'),('AGT-226103','AGT-226103','AGT-226103',NULL,NULL,'AGT-226103'),('AGT-226106','AGT-226106','AGT-226106',NULL,NULL,'AGT-226106'),('AGT-226110','AGT-226110','AGT-226110',NULL,NULL,'AGT-226110'),('AGT-226113','AGT-226113','AGT-226113',NULL,NULL,'AGT-226113'),('AGT-226117','AGT-226117','AGT-226117',NULL,NULL,'AGT-226117'),('AGT-226122','AGT-226122','AGT-226122',NULL,NULL,'AGT-226122'),('AGT-226131','AGT-226131','AGT-226131',NULL,NULL,'AGT-226131'),('AGT-226133','AGT-226133','AGT-226133',NULL,NULL,'AGT-226133'),('AGT-226134','AGT-226134','AGT-226134',NULL,NULL,'AGT-226134'),('AGT-226163','AGT-226163','AGT-226163',NULL,NULL,'AGT-226163'),('AGT-226516','AGT-226516','AGT-226516',NULL,NULL,'AGT-226516'),('AGT-103311','AGT-103311','AGT-103311',NULL,NULL,'AGT-103311'),('AGT-225723','AGT-225723','AGT-225723',NULL,NULL,'AGT-225723'),('AGT-225724','AGT-225724','AGT-225724',NULL,NULL,'AGT-225724'),('AGT-225725','AGT-225725','AGT-225725',NULL,NULL,'AGT-225725'),('AGT-225726','AGT-225726','AGT-225726',NULL,NULL,'AGT-225726'),('AGT-225727','AGT-225727','AGT-225727',NULL,NULL,'AGT-225727'),('AGT-225728','AGT-225728','AGT-225728',NULL,NULL,'AGT-225728'),('AGT-225729','AGT-225729','AGT-225729',NULL,NULL,'AGT-225729'),('AGT-225730','AGT-225730','AGT-225730',NULL,NULL,'AGT-225730'),('AGT-225731','AGT-225731','AGT-225731',NULL,NULL,'AGT-225731'),('AGT-225732','AGT-225732','AGT-225732',NULL,NULL,'AGT-225732'),('AGT-225733','AGT-225733','AGT-225733',NULL,NULL,'AGT-225733'),('AGT-225735','AGT-225735','AGT-225735',NULL,NULL,'AGT-225735'),('AGT-225736','AGT-225736','AGT-225736',NULL,NULL,'AGT-225736'),('AGT-225737','AGT-225737','AGT-225737',NULL,NULL,'AGT-225737'),('AGT-225738','AGT-225738','AGT-225738',NULL,NULL,'AGT-225738'),('AGT-225741','AGT-225741','AGT-225741',NULL,NULL,'AGT-225741'),('AGT-225743','AGT-225743','AGT-225743',NULL,NULL,'AGT-225743'),('AGT-225744','AGT-225744','AGT-225744',NULL,NULL,'AGT-225744'),('AGT-226075','AGT-226075','AGT-226075',NULL,NULL,'AGT-226075');

/*Table structure for table `berkas` */

DROP TABLE IF EXISTS `berkas`;

CREATE TABLE `berkas` (
  `id_berkas` varchar(25) NOT NULL,
  `foto` varchar(255) DEFAULT NULL,
  PRIMARY KEY (`id_berkas`)
) ENGINE=InnoDB DEFAULT CHARSET=utf8mb4;

/*Data for the table `berkas` */

insert  into `berkas`(`id_berkas`,`foto`) values ('AGT-103233',NULL),('AGT-103311',NULL),('AGT-216080',NULL),('AGT-225668',NULL),('AGT-225685',NULL),('AGT-225711',NULL),('AGT-225723',NULL),('AGT-225724',NULL),('AGT-225725',NULL),('AGT-225726',NULL),('AGT-225727',NULL),('AGT-225728',NULL),('AGT-225729',NULL),('AGT-225730',NULL),('AGT-225731',NULL),('AGT-225732',NULL),('AGT-225733',NULL),('AGT-225734',NULL),('AGT-225735',NULL),('AGT-225736',NULL),('AGT-225737',NULL),('AGT-225738',NULL),('AGT-225741',NULL),('AGT-225743',NULL),('AGT-225744',NULL),('AGT-225745',NULL),('AGT-225746',NULL),('AGT-225794',NULL),('AGT-225805',NULL),('AGT-225807',NULL),('AGT-225808',NULL),('AGT-225810',NULL),('AGT-225814',NULL),('AGT-225816',NULL),('AGT-225817',NULL),('AGT-225818',NULL),('AGT-225819',NULL),('AGT-225820',NULL),('AGT-225823',NULL),('AGT-225827',NULL),('AGT-225828',NULL),('AGT-225832',NULL),('AGT-225833',NULL),('AGT-225834',NULL),('AGT-225835',NULL),('AGT-225836',NULL),('AGT-225837',NULL),('AGT-225838',NULL),('AGT-225839',NULL),('AGT-225840',NULL),('AGT-225841',NULL),('AGT-225843',NULL),('AGT-225844',NULL),('AGT-225845',NULL),('AGT-225846',NULL),('AGT-225847',NULL),('AGT-225849',NULL),('AGT-225850',NULL),('AGT-225851',NULL),('AGT-225856',NULL),('AGT-225858',NULL),('AGT-225859',NULL),('AGT-225860',NULL),('AGT-225861',NULL),('AGT-225862',NULL),('AGT-225863',NULL),('AGT-225864',NULL),('AGT-225865',NULL),('AGT-225867',NULL),('AGT-225869',NULL),('AGT-225872',NULL),('AGT-225873',NULL),('AGT-225875',NULL),('AGT-225876',NULL),('AGT-225877',NULL),('AGT-225878',NULL),('AGT-225880',NULL),('AGT-225882',NULL),('AGT-225884',NULL),('AGT-225885',NULL),('AGT-225886',NULL),('AGT-225887',NULL),('AGT-225888',NULL),('AGT-225889',NULL),('AGT-225890',NULL),('AGT-225891',NULL),('AGT-225892',NULL),('AGT-225893',NULL),('AGT-225894',NULL),('AGT-225895',NULL),('AGT-225896',NULL),('AGT-225897',NULL),('AGT-225899',NULL),('AGT-225900',NULL),('AGT-225901',NULL),('AGT-225902',NULL),('AGT-225903',NULL),('AGT-225904',NULL),('AGT-225905',NULL),('AGT-225906',NULL),('AGT-225907',NULL),('AGT-225908',NULL),('AGT-225909',NULL),('AGT-225911',NULL),('AGT-225912',NULL),('AGT-225914',NULL),('AGT-225916',NULL),('AGT-225917',NULL),('AGT-225919',NULL),('AGT-225921',NULL),('AGT-225922',NULL),('AGT-225923',NULL),('AGT-225924',NULL),('AGT-225926',NULL),('AGT-225927',NULL),('AGT-225928',NULL),('AGT-225931',NULL),('AGT-225932',NULL),('AGT-225933',NULL),('AGT-225934',NULL),('AGT-225935',NULL),('AGT-225936',NULL),('AGT-225937',NULL),('AGT-225938',NULL),('AGT-225939',NULL),('AGT-225940',NULL),('AGT-225941',NULL),('AGT-225942',NULL),('AGT-225943',NULL),('AGT-225944',NULL),('AGT-225946',NULL),('AGT-225947',NULL),('AGT-225959',NULL),('AGT-225962',NULL),('AGT-225963',NULL),('AGT-225964',NULL),('AGT-225965',NULL),('AGT-225966',NULL),('AGT-225967',NULL),('AGT-225968',NULL),('AGT-225969',NULL),('AGT-225976',NULL),('AGT-225978',NULL),('AGT-225980',NULL),('AGT-225982',NULL),('AGT-225984',NULL),('AGT-225988',NULL),('AGT-225989',NULL),('AGT-225990',NULL),('AGT-225993',NULL),('AGT-225996',NULL),('AGT-225997',NULL),('AGT-225999',NULL),('AGT-226001',NULL),('AGT-226002',NULL),('AGT-226003',NULL),('AGT-226005',NULL),('AGT-226007',NULL),('AGT-226009',NULL),('AGT-226010',NULL),('AGT-226013',NULL),('AGT-226014',NULL),('AGT-226017',NULL),('AGT-226018',NULL),('AGT-226019',NULL),('AGT-226021',NULL),('AGT-226022',NULL),('AGT-226023',NULL),('AGT-226024',NULL),('AGT-226025',NULL),('AGT-226026',NULL),('AGT-226027',NULL),('AGT-226028',NULL),('AGT-226030',NULL),('AGT-226031',NULL),('AGT-226032',NULL),('AGT-226033',NULL),('AGT-226034',NULL),('AGT-226035',NULL),('AGT-226037',NULL),('AGT-226040',NULL),('AGT-226041',NULL),('AGT-226042',NULL),('AGT-226044',NULL),('AGT-226045',NULL),('AGT-226047',NULL),('AGT-226048',NULL),('AGT-226049',NULL),('AGT-226050',NULL),('AGT-226051',NULL),('AGT-226052',NULL),('AGT-226054',NULL),('AGT-226055',NULL),('AGT-226056',NULL),('AGT-226057',NULL),('AGT-226059',NULL),('AGT-226060',NULL),('AGT-226061',NULL),('AGT-226064',NULL),('AGT-226065',NULL),('AGT-226066',NULL),('AGT-226068',NULL),('AGT-226069',NULL),('AGT-226070',NULL),('AGT-226071',NULL),('AGT-226072',NULL),('AGT-226075',NULL),('AGT-226076',NULL),('AGT-226077',NULL),('AGT-226078',NULL),('AGT-226080',NULL),('AGT-226081',NULL),('AGT-226082',NULL),('AGT-226084',NULL),('AGT-226085',NULL),('AGT-226086',NULL),('AGT-226087',NULL),('AGT-226088',NULL),('AGT-226090',NULL),('AGT-226092',NULL),('AGT-226094',NULL),('AGT-226095',NULL),('AGT-226097',NULL),('AGT-226099',NULL),('AGT-226101',NULL),('AGT-226102',NULL),('AGT-226103',NULL),('AGT-226104',NULL),('AGT-226106',NULL),('AGT-226107',NULL),('AGT-226108',NULL),('AGT-226110',NULL),('AGT-226111',NULL),('AGT-226112',NULL),('AGT-226113',NULL),('AGT-226116',NULL),('AGT-226117',NULL),('AGT-226118',NULL),('AGT-226119',NULL),('AGT-226120',NULL),('AGT-226121',NULL),('AGT-226122',NULL),('AGT-226125',NULL),('AGT-226126',NULL),('AGT-226129',NULL),('AGT-226130',NULL),('AGT-226131',NULL),('AGT-226132',NULL),('AGT-226133',NULL),('AGT-226134',NULL),('AGT-226137',NULL),('AGT-226139',NULL),('AGT-226141',NULL),('AGT-226144',NULL),('AGT-226148',NULL),('AGT-226157',NULL),('AGT-226162',NULL),('AGT-226163',NULL),('AGT-226171',NULL),('AGT-226175',NULL),('AGT-226176',NULL),('AGT-226178',NULL),('AGT-226180',NULL),('AGT-226189',NULL),('AGT-226191',NULL),('AGT-226192',NULL),('AGT-226193',NULL),('AGT-226194',NULL),('AGT-226195',NULL),('AGT-226197',NULL),('AGT-226200',NULL),('AGT-226201',NULL),('AGT-226205',NULL),('AGT-226206',NULL),('AGT-226208',NULL),('AGT-226209',NULL),('AGT-226212',NULL),('AGT-226215',NULL),('AGT-226219',NULL),('AGT-226224',NULL),('AGT-226226',NULL),('AGT-226229',NULL),('AGT-226231',NULL),('AGT-226235',NULL),('AGT-226238',NULL),('AGT-226298',NULL),('AGT-226330',NULL),('AGT-226331',NULL),('AGT-226335',NULL),('AGT-226336',NULL),('AGT-226337',NULL),('AGT-226338',NULL),('AGT-226342',NULL),('AGT-226343',NULL),('AGT-226344',NULL),('AGT-226345',NULL),('AGT-226516',NULL),('AGT-226869',NULL),('AGT-226872',NULL),('AGT-227462',NULL),('sip-987654',NULL);

/*Table structure for table `biodata` */

DROP TABLE IF EXISTS `biodata`;

CREATE TABLE `biodata` (
  `id_biodata` varchar(25) NOT NULL,
  `npk` int(6) DEFAULT NULL,
  `nama` varchar(255) DEFAULT NULL,
  `ktp` varchar(16) DEFAULT NULL,
  `kk` varchar(16) DEFAULT NULL,
  `tempat_lahir` varchar(55) DEFAULT NULL,
  `tanggal_lahir` date DEFAULT NULL,
  `email` varchar(100) DEFAULT NULL,
  `no_hp` varchar(13) DEFAULT NULL,
  `no_emergency` varchar(13) DEFAULT NULL,
  `tinggi_badan` int(3) DEFAULT NULL,
  `berat_badan` int(3) DEFAULT NULL,
  `imt` int(3) DEFAULT NULL,
  `jl_ktp` varchar(255) DEFAULT NULL,
  `rt_ktp` varchar(10) DEFAULT NULL,
  `rw_ktp` varchar(10) DEFAULT NULL,
  `kel_ktp` varchar(100) DEFAULT NULL,
  `kec_ktp` varchar(100) DEFAULT NULL,
  `kota_ktp` varchar(100) DEFAULT NULL,
  `jl_dom` varchar(255) DEFAULT NULL,
  `rt_dom` varchar(10) DEFAULT NULL,
  `rw_dom` varchar(10) DEFAULT NULL,
  `kel_dom` varchar(100) DEFAULT NULL,
  `kec_dom` varchar(100) DEFAULT NULL,
  `kota_dom` varchar(100) DEFAULT NULL,
  PRIMARY KEY (`id_biodata`)
) ENGINE=InnoDB DEFAULT CHARSET=utf8mb4;

/*Data for the table `biodata` */

insert  into `biodata`(`id_biodata`,`npk`,`nama`,`ktp`,`kk`,`tempat_lahir`,`tanggal_lahir`,`email`,`no_hp`,`no_emergency`,`tinggi_badan`,`berat_badan`,`imt`,`jl_ktp`,`rt_ktp`,`rw_ktp`,`kel_ktp`,`kec_ktp`,`kota_ktp`,`jl_dom`,`rt_dom`,`rw_dom`,`kel_dom`,`kec_dom`,`kota_dom`) values ('AGT-103233',103233,'RUSLANI',NULL,NULL,'PEMALANG','1969-08-12',NULL,NULL,NULL,NULL,NULL,10,NULL,NULL,NULL,NULL,NULL,NULL,NULL,NULL,NULL,NULL,NULL,NULL),('AGT-103311',103311,'TONI SUTONO',NULL,NULL,'JAKARTA','1972-12-31',NULL,NULL,NULL,NULL,NULL,10,NULL,NULL,NULL,NULL,NULL,NULL,NULL,NULL,NULL,NULL,NULL,NULL),('AGT-216080',216080,'RUSLI',NULL,NULL,'BEKASI','1982-05-25',NULL,NULL,NULL,NULL,NULL,10,NULL,NULL,NULL,NULL,NULL,NULL,NULL,NULL,NULL,NULL,NULL,NULL),('AGT-225668',225668,'MARFEN AKBARDO',NULL,NULL,'PESISIR BARAT','2001-03-19',NULL,NULL,NULL,NULL,NULL,10,NULL,NULL,NULL,NULL,NULL,NULL,NULL,NULL,NULL,NULL,NULL,NULL),('AGT-225685',225685,'DIKI YOVAN',NULL,NULL,'BANDUNG','1997-08-23',NULL,NULL,NULL,NULL,NULL,10,NULL,NULL,NULL,NULL,NULL,NULL,NULL,NULL,NULL,NULL,NULL,NULL),('AGT-225711',225711,'MUHAMMAD TAUFIK',NULL,NULL,'JAKARTA','1980-12-14',NULL,NULL,NULL,NULL,NULL,10,NULL,NULL,NULL,NULL,NULL,NULL,NULL,NULL,NULL,NULL,NULL,NULL),('AGT-225723',225723,'IGNASIUS SIMON',NULL,NULL,'FLORES','1970-09-20',NULL,NULL,NULL,NULL,NULL,10,NULL,NULL,NULL,NULL,NULL,NULL,NULL,NULL,NULL,NULL,NULL,NULL),('AGT-225724',225724,'HERI SUSWANTO',NULL,NULL,'KEBUMEN','1967-12-09',NULL,NULL,NULL,NULL,NULL,10,NULL,NULL,NULL,NULL,NULL,NULL,NULL,NULL,NULL,NULL,NULL,NULL),('AGT-225725',225725,'AGUS KURNIAWAN',NULL,NULL,'JAKARTA','1979-08-09',NULL,NULL,NULL,NULL,NULL,10,NULL,NULL,NULL,NULL,NULL,NULL,NULL,NULL,NULL,NULL,NULL,NULL),('AGT-225726',225726,'SUDIBYO',NULL,NULL,'BANTUL','1982-07-30',NULL,NULL,NULL,NULL,NULL,10,NULL,NULL,NULL,NULL,NULL,NULL,NULL,NULL,NULL,NULL,NULL,NULL),('AGT-225727',225727,'TEJO WIBOWO',NULL,NULL,'GUNUNG KIDUL','1983-06-21',NULL,NULL,NULL,NULL,NULL,10,NULL,NULL,NULL,NULL,NULL,NULL,NULL,NULL,NULL,NULL,NULL,NULL),('AGT-225728',225728,'SUSILO TRAPNO',NULL,NULL,'SRAGEN','1979-10-21',NULL,NULL,NULL,NULL,NULL,10,NULL,NULL,NULL,NULL,NULL,NULL,NULL,NULL,NULL,NULL,NULL,NULL),('AGT-225729',225729,'RUSDIN',NULL,NULL,'BIMA','1968-05-12',NULL,NULL,NULL,NULL,NULL,10,NULL,NULL,NULL,NULL,NULL,NULL,NULL,NULL,NULL,NULL,NULL,NULL),('AGT-225730',225730,'JANUAR JOHAN FAUZI',NULL,NULL,'BANDUNG','1987-01-01',NULL,NULL,NULL,NULL,NULL,10,NULL,NULL,NULL,NULL,NULL,NULL,NULL,NULL,NULL,NULL,NULL,NULL),('AGT-225731',225731,'WAWAN NURSAFII',NULL,NULL,'INDRAMAYU','1997-03-10',NULL,NULL,NULL,NULL,NULL,10,NULL,NULL,NULL,NULL,NULL,NULL,NULL,NULL,NULL,NULL,NULL,NULL),('AGT-225732',225732,'RUDI HARTATO',NULL,NULL,'KEBUMEN','1992-02-10',NULL,NULL,NULL,NULL,NULL,10,NULL,NULL,NULL,NULL,NULL,NULL,NULL,NULL,NULL,NULL,NULL,NULL),('AGT-225733',225733,'SIBYANI BIN OAN N',NULL,NULL,'INDRAMAYU','1993-08-10',NULL,NULL,NULL,NULL,NULL,10,NULL,NULL,NULL,NULL,NULL,NULL,NULL,NULL,NULL,NULL,NULL,NULL),('AGT-225734',225734,'RIZKI NUR ROHMAN',NULL,NULL,'SUKOHARJO','1996-10-12',NULL,NULL,NULL,NULL,NULL,10,NULL,NULL,NULL,NULL,NULL,NULL,NULL,NULL,NULL,NULL,NULL,NULL),('AGT-225735',225735,'ISWANTO',NULL,NULL,'PURWOREJO','1990-11-10',NULL,NULL,NULL,NULL,NULL,10,NULL,NULL,NULL,NULL,NULL,NULL,NULL,NULL,NULL,NULL,NULL,NULL),('AGT-225736',225736,'MUHAMAD IDRUS',NULL,NULL,'BEKASI','1986-03-06',NULL,NULL,NULL,NULL,NULL,10,NULL,NULL,NULL,NULL,NULL,NULL,NULL,NULL,NULL,NULL,NULL,NULL),('AGT-225737',225737,'EKO NURCAHYANTO',NULL,NULL,'BANTUL','1991-11-17',NULL,NULL,NULL,NULL,NULL,10,NULL,NULL,NULL,NULL,NULL,NULL,NULL,NULL,NULL,NULL,NULL,NULL),('AGT-225738',225738,'RENDY PURNAMA',NULL,NULL,'BEKASI','1999-05-24',NULL,NULL,NULL,NULL,NULL,10,NULL,NULL,NULL,NULL,NULL,NULL,NULL,NULL,NULL,NULL,NULL,NULL),('AGT-225741',225741,'FADLI',NULL,NULL,'SILA','1984-10-05',NULL,NULL,NULL,NULL,NULL,10,NULL,NULL,NULL,NULL,NULL,NULL,NULL,NULL,NULL,NULL,NULL,NULL),('AGT-225743',225743,'MULYADI',NULL,NULL,'CIKEUSAL','1986-03-01',NULL,NULL,NULL,NULL,NULL,10,NULL,NULL,NULL,NULL,NULL,NULL,NULL,NULL,NULL,NULL,NULL,NULL),('AGT-225744',225744,'MUGI PUTRI DEWI',NULL,NULL,'JAKARTA','1995-01-31',NULL,NULL,NULL,NULL,NULL,10,NULL,NULL,NULL,NULL,NULL,NULL,NULL,NULL,NULL,NULL,NULL,NULL),('AGT-225745',225745,'TRI DARMA',NULL,NULL,'CIAMIS','1992-07-04',NULL,NULL,NULL,NULL,NULL,10,NULL,NULL,NULL,NULL,NULL,NULL,NULL,NULL,NULL,NULL,NULL,NULL),('AGT-225746',225746,'ARIF KURNIAWAN',NULL,NULL,'JAKARTA','1995-02-16',NULL,NULL,NULL,NULL,NULL,10,NULL,NULL,NULL,NULL,NULL,NULL,NULL,NULL,NULL,NULL,NULL,NULL),('AGT-225794',225794,'JAKA SUDARNO',NULL,NULL,'KEDIRI','1999-09-18',NULL,NULL,NULL,NULL,NULL,10,NULL,NULL,NULL,NULL,NULL,NULL,NULL,NULL,NULL,NULL,NULL,NULL),('AGT-225805',225805,'ABUNG SUGIANTANA',NULL,NULL,'BOGOR','1993-06-17',NULL,NULL,NULL,NULL,NULL,10,NULL,NULL,NULL,NULL,NULL,NULL,NULL,NULL,NULL,NULL,NULL,NULL),('AGT-225807',225807,'SOBARUDIN',NULL,NULL,'JAKARTA','1989-01-24',NULL,NULL,NULL,NULL,NULL,10,NULL,NULL,NULL,NULL,NULL,NULL,NULL,NULL,NULL,NULL,NULL,NULL),('AGT-225808',225808,'MUSTAKIM',NULL,NULL,'PEMALANG','1990-02-10',NULL,NULL,NULL,NULL,NULL,10,NULL,NULL,NULL,NULL,NULL,NULL,NULL,NULL,NULL,NULL,NULL,NULL),('AGT-225810',225810,'WELLY SAPUTRA AGUSTIAN',NULL,NULL,'METRO','1996-08-16',NULL,NULL,NULL,NULL,NULL,10,NULL,NULL,NULL,NULL,NULL,NULL,NULL,NULL,NULL,NULL,NULL,NULL),('AGT-225814',225814,'SUTEJA',NULL,NULL,'JAKARTA','1983-12-02',NULL,NULL,NULL,NULL,NULL,10,NULL,NULL,NULL,NULL,NULL,NULL,NULL,NULL,NULL,NULL,NULL,NULL),('AGT-225816',225816,'ARDIANSYAH',NULL,NULL,'KAMBILO','1992-08-06',NULL,NULL,NULL,NULL,NULL,10,NULL,NULL,NULL,NULL,NULL,NULL,NULL,NULL,NULL,NULL,NULL,NULL),('AGT-225817',225817,'MARJONO',NULL,NULL,'JAKARTA','1979-03-24',NULL,NULL,NULL,NULL,NULL,10,NULL,NULL,NULL,NULL,NULL,NULL,NULL,NULL,NULL,NULL,NULL,NULL),('AGT-225818',225818,'AGUS RIYANSYAH',NULL,NULL,'JAKARTA','1985-08-06',NULL,NULL,NULL,NULL,NULL,10,NULL,NULL,NULL,NULL,NULL,NULL,NULL,NULL,NULL,NULL,NULL,NULL),('AGT-225819',225819,'FIRMAN ADITYA',NULL,NULL,'JAKARTA','1994-08-17',NULL,NULL,NULL,NULL,NULL,10,NULL,NULL,NULL,NULL,NULL,NULL,NULL,NULL,NULL,NULL,NULL,NULL),('AGT-225820',225820,'AHYANI',NULL,NULL,'SUKABUMI','1994-08-19',NULL,NULL,NULL,NULL,NULL,10,NULL,NULL,NULL,NULL,NULL,NULL,NULL,NULL,NULL,NULL,NULL,NULL),('AGT-225823',225823,'TRISTIYONO',NULL,NULL,'MADIUN','1983-11-27',NULL,NULL,NULL,NULL,NULL,10,NULL,NULL,NULL,NULL,NULL,NULL,NULL,NULL,NULL,NULL,NULL,NULL),('AGT-225827',225827,'EDI SOLIHIN',NULL,NULL,'BOYOLALI','1991-10-10',NULL,NULL,NULL,NULL,NULL,10,NULL,NULL,NULL,NULL,NULL,NULL,NULL,NULL,NULL,NULL,NULL,NULL),('AGT-225828',225828,'LAZARUS FABRI',NULL,NULL,'POKA FLORES','1984-02-03',NULL,NULL,NULL,NULL,NULL,10,NULL,NULL,NULL,NULL,NULL,NULL,NULL,NULL,NULL,NULL,NULL,NULL),('AGT-225832',225832,'AMAR RIVAI',NULL,NULL,'JAKARTA','1986-04-15',NULL,NULL,NULL,NULL,NULL,10,NULL,NULL,NULL,NULL,NULL,NULL,NULL,NULL,NULL,NULL,NULL,NULL),('AGT-225833',225833,'ANDRI ANDAYANI',NULL,NULL,'SRAGEN','1988-02-02',NULL,NULL,NULL,NULL,NULL,10,NULL,NULL,NULL,NULL,NULL,NULL,NULL,NULL,NULL,NULL,NULL,NULL),('AGT-225834',225834,'ASMAWI',NULL,NULL,'JAKARTA','1984-11-08',NULL,NULL,NULL,NULL,NULL,10,NULL,NULL,NULL,NULL,NULL,NULL,NULL,NULL,NULL,NULL,NULL,NULL),('AGT-225835',225835,'IBNU WIBOWO',NULL,NULL,'SRAGEN','1978-12-14',NULL,NULL,NULL,NULL,NULL,10,NULL,NULL,NULL,NULL,NULL,NULL,NULL,NULL,NULL,NULL,NULL,NULL),('AGT-225836',225836,'REZA DWI KURNIAWAN',NULL,NULL,'TANJUNG KARANG','2000-08-05',NULL,NULL,NULL,NULL,NULL,10,NULL,NULL,NULL,NULL,NULL,NULL,NULL,NULL,NULL,NULL,NULL,NULL),('AGT-225837',225837,'ALDI SUPRI HENANTO',NULL,NULL,'JAKARTA','1979-09-20',NULL,NULL,NULL,NULL,NULL,10,NULL,NULL,NULL,NULL,NULL,NULL,NULL,NULL,NULL,NULL,NULL,NULL),('AGT-225838',225838,'ABDUL RAHMAN',NULL,NULL,'BOGOR','1993-03-05',NULL,NULL,NULL,NULL,NULL,10,NULL,NULL,NULL,NULL,NULL,NULL,NULL,NULL,NULL,NULL,NULL,NULL),('AGT-225839',225839,'UGIT WAHYONO',NULL,NULL,'GUNUNG KIDUL','1988-11-26',NULL,NULL,NULL,NULL,NULL,10,NULL,NULL,NULL,NULL,NULL,NULL,NULL,NULL,NULL,NULL,NULL,NULL),('AGT-225840',225840,'RESDIAN',NULL,NULL,'JAMBI','1998-06-28',NULL,NULL,NULL,NULL,NULL,10,NULL,NULL,NULL,NULL,NULL,NULL,NULL,NULL,NULL,NULL,NULL,NULL),('AGT-225841',225841,'MOH RISWANTORO',NULL,NULL,'TEGAL','1989-09-25',NULL,NULL,NULL,NULL,NULL,10,NULL,NULL,NULL,NULL,NULL,NULL,NULL,NULL,NULL,NULL,NULL,NULL),('AGT-225843',225843,'HADI SURYA NINGRAT',NULL,NULL,'JAKARTA','1980-10-07',NULL,NULL,NULL,NULL,NULL,10,NULL,NULL,NULL,NULL,NULL,NULL,NULL,NULL,NULL,NULL,NULL,NULL),('AGT-225844',225844,'HENDRAWAN',NULL,NULL,'JAKARTA','1991-04-17',NULL,NULL,NULL,NULL,NULL,10,NULL,NULL,NULL,NULL,NULL,NULL,NULL,NULL,NULL,NULL,NULL,NULL),('AGT-225845',225845,'RADIANSYA',NULL,NULL,'TANJUNG KEMUNING','1998-06-06',NULL,NULL,NULL,NULL,NULL,10,NULL,NULL,NULL,NULL,NULL,NULL,NULL,NULL,NULL,NULL,NULL,NULL),('AGT-225846',225846,'AGUNG BUDIMAN',NULL,NULL,'SUBANG','2000-05-01',NULL,NULL,NULL,NULL,NULL,10,NULL,NULL,NULL,NULL,NULL,NULL,NULL,NULL,NULL,NULL,NULL,NULL),('AGT-225847',225847,'SARWONO',NULL,NULL,'LAMPUNG TENGAH','1983-11-21',NULL,NULL,NULL,NULL,NULL,10,NULL,NULL,NULL,NULL,NULL,NULL,NULL,NULL,NULL,NULL,NULL,NULL),('AGT-225849',225849,'JENRIS HOT TUA',NULL,NULL,'JAKARTA','1979-04-01',NULL,NULL,NULL,NULL,NULL,10,NULL,NULL,NULL,NULL,NULL,NULL,NULL,NULL,NULL,NULL,NULL,NULL),('AGT-225850',225850,'FAHRIZAL AHMAD',NULL,NULL,'JAKARTA','1980-05-20',NULL,NULL,NULL,NULL,NULL,10,NULL,NULL,NULL,NULL,NULL,NULL,NULL,NULL,NULL,NULL,NULL,NULL),('AGT-225851',225851,'NANANG APRIYANTO',NULL,NULL,'KLATEN','1988-11-05',NULL,NULL,NULL,NULL,NULL,10,NULL,NULL,NULL,NULL,NULL,NULL,NULL,NULL,NULL,NULL,NULL,NULL),('AGT-225856',225856,'NAILUL IZZA',NULL,NULL,'BLORA','1991-08-30',NULL,NULL,NULL,NULL,NULL,10,NULL,NULL,NULL,NULL,NULL,NULL,NULL,NULL,NULL,NULL,NULL,NULL),('AGT-225858',225858,'RATNO WIJAYA',NULL,NULL,'JAKARTA','1987-12-30',NULL,NULL,NULL,NULL,NULL,10,NULL,NULL,NULL,NULL,NULL,NULL,NULL,NULL,NULL,NULL,NULL,NULL),('AGT-225859',225859,'MOCH INDRA SAPUTRA',NULL,NULL,'BOJONEGORO','1997-11-06',NULL,NULL,NULL,NULL,NULL,10,NULL,NULL,NULL,NULL,NULL,NULL,NULL,NULL,NULL,NULL,NULL,NULL),('AGT-225860',225860,'MOKH. ZULMY AULIA RA',NULL,NULL,'BREBES','1985-11-20',NULL,NULL,NULL,NULL,NULL,10,NULL,NULL,NULL,NULL,NULL,NULL,NULL,NULL,NULL,NULL,NULL,NULL),('AGT-225861',225861,'SUKRIMANUDIN',NULL,NULL,'BOGOR','1992-12-17',NULL,NULL,NULL,NULL,NULL,10,NULL,NULL,NULL,NULL,NULL,NULL,NULL,NULL,NULL,NULL,NULL,NULL),('AGT-225862',225862,'AZISMAN',NULL,NULL,'NGGEMBE BIMA','1992-10-04',NULL,NULL,NULL,NULL,NULL,10,NULL,NULL,NULL,NULL,NULL,NULL,NULL,NULL,NULL,NULL,NULL,NULL),('AGT-225863',225863,'ASTALIKA',NULL,NULL,'TANJUNG AUR','1993-06-03',NULL,NULL,NULL,NULL,NULL,10,NULL,NULL,NULL,NULL,NULL,NULL,NULL,NULL,NULL,NULL,NULL,NULL),('AGT-225864',225864,'SUANDA EKO SAPUTRA',NULL,NULL,'SUKABUMI','1996-11-11',NULL,NULL,NULL,NULL,NULL,10,NULL,NULL,NULL,NULL,NULL,NULL,NULL,NULL,NULL,NULL,NULL,NULL),('AGT-225865',225865,'AGUS SYAEFUL',NULL,NULL,'GARUT','1997-08-05',NULL,NULL,NULL,NULL,NULL,10,NULL,NULL,NULL,NULL,NULL,NULL,NULL,NULL,NULL,NULL,NULL,NULL),('AGT-225867',225867,'SUGENG PRAYITNO',NULL,NULL,'JAKARTA','1981-09-03',NULL,NULL,NULL,NULL,NULL,10,NULL,NULL,NULL,NULL,NULL,NULL,NULL,NULL,NULL,NULL,NULL,NULL),('AGT-225869',225869,'ZAENUDIN SOPYAN',NULL,NULL,'JAKARTA','1994-09-10',NULL,NULL,NULL,NULL,NULL,10,NULL,NULL,NULL,NULL,NULL,NULL,NULL,NULL,NULL,NULL,NULL,NULL),('AGT-225872',225872,'NOVI YANTO',NULL,NULL,'JAKARTA','1985-11-09',NULL,NULL,NULL,NULL,NULL,10,NULL,NULL,NULL,NULL,NULL,NULL,NULL,NULL,NULL,NULL,NULL,NULL),('AGT-225873',225873,'DAVIT RIVANDI',NULL,NULL,'UMBU LREJO','1996-12-30',NULL,NULL,NULL,NULL,NULL,10,NULL,NULL,NULL,NULL,NULL,NULL,NULL,NULL,NULL,NULL,NULL,NULL),('AGT-225875',225875,'MUHAMMAD GUNTUR PRASETYA',NULL,NULL,'JAKARTA','2001-11-07',NULL,NULL,NULL,NULL,NULL,10,NULL,NULL,NULL,NULL,NULL,NULL,NULL,NULL,NULL,NULL,NULL,NULL),('AGT-225876',225876,'SAMIRAN',NULL,NULL,'AEK NABARA MEDAN','1983-12-03',NULL,NULL,NULL,NULL,NULL,10,NULL,NULL,NULL,NULL,NULL,NULL,NULL,NULL,NULL,NULL,NULL,NULL),('AGT-225877',225877,'AHMAT MASRONI',NULL,NULL,'BLORA','1996-04-01',NULL,NULL,NULL,NULL,NULL,10,NULL,NULL,NULL,NULL,NULL,NULL,NULL,NULL,NULL,NULL,NULL,NULL),('AGT-225878',225878,'WANDI SUWANDI',NULL,NULL,'BOGOR','1990-12-11',NULL,NULL,NULL,NULL,NULL,10,NULL,NULL,NULL,NULL,NULL,NULL,NULL,NULL,NULL,NULL,NULL,NULL),('AGT-225880',225880,'TEGUH PRAMANA',NULL,NULL,'SLEMAN','2984-02-03',NULL,NULL,NULL,NULL,NULL,10,NULL,NULL,NULL,NULL,NULL,NULL,NULL,NULL,NULL,NULL,NULL,NULL),('AGT-225882',225882,'DWI YANTO LASTIYONO',NULL,NULL,'KLATEN','1987-05-13',NULL,NULL,NULL,NULL,NULL,10,NULL,NULL,NULL,NULL,NULL,NULL,NULL,NULL,NULL,NULL,NULL,NULL),('AGT-225884',225884,'ALLFIN RASHIYANDI',NULL,NULL,'LHOKSEUMAWE','1986-10-14',NULL,NULL,NULL,NULL,NULL,10,NULL,NULL,NULL,NULL,NULL,NULL,NULL,NULL,NULL,NULL,NULL,NULL),('AGT-225885',225885,'HERIYANTO',NULL,NULL,'LAMPUNG','1996-11-04',NULL,NULL,NULL,NULL,NULL,10,NULL,NULL,NULL,NULL,NULL,NULL,NULL,NULL,NULL,NULL,NULL,NULL),('AGT-225886',225886,'SUHERMAN',NULL,NULL,'DOMPU BIMA','1984-03-11',NULL,NULL,NULL,NULL,NULL,10,NULL,NULL,NULL,NULL,NULL,NULL,NULL,NULL,NULL,NULL,NULL,NULL),('AGT-225887',225887,'YAYANG FIRMANSYAH',NULL,NULL,'GARUT','1995-11-29',NULL,NULL,NULL,NULL,NULL,10,NULL,NULL,NULL,NULL,NULL,NULL,NULL,NULL,NULL,NULL,NULL,NULL),('AGT-225888',225888,'APRIADI',NULL,NULL,'JAKARTA','1989-01-21',NULL,NULL,NULL,NULL,NULL,10,NULL,NULL,NULL,NULL,NULL,NULL,NULL,NULL,NULL,NULL,NULL,NULL),('AGT-225889',225889,'HERU BUDIYANTO',NULL,NULL,'SRAGEN','1984-09-01',NULL,NULL,NULL,NULL,NULL,10,NULL,NULL,NULL,NULL,NULL,NULL,NULL,NULL,NULL,NULL,NULL,NULL),('AGT-225890',225890,'CEPI',NULL,NULL,'BANDUNG','1996-05-22',NULL,NULL,NULL,NULL,NULL,10,NULL,NULL,NULL,NULL,NULL,NULL,NULL,NULL,NULL,NULL,NULL,NULL),('AGT-225891',225891,'PRIYO ADI SANYOTO',NULL,NULL,'JAKARTA','1978-11-13',NULL,NULL,NULL,NULL,NULL,10,NULL,NULL,NULL,NULL,NULL,NULL,NULL,NULL,NULL,NULL,NULL,NULL),('AGT-225892',225892,'IDIK TASDIK',NULL,NULL,'MAJALENGKA','1980-05-13',NULL,NULL,NULL,NULL,NULL,10,NULL,NULL,NULL,NULL,NULL,NULL,NULL,NULL,NULL,NULL,NULL,NULL),('AGT-225893',225893,'INDRA UMBARA',NULL,NULL,'KEBUMEN','1985-11-22',NULL,NULL,NULL,NULL,NULL,10,NULL,NULL,NULL,NULL,NULL,NULL,NULL,NULL,NULL,NULL,NULL,NULL),('AGT-225894',225894,'NIKE RATNA DILA',NULL,NULL,'BOGOR','1996-12-13',NULL,NULL,NULL,NULL,NULL,10,NULL,NULL,NULL,NULL,NULL,NULL,NULL,NULL,NULL,NULL,NULL,NULL),('AGT-225895',225895,'SETYO AJI PRABOWO',NULL,NULL,'JAKARTA','1996-09-28',NULL,NULL,NULL,NULL,NULL,10,NULL,NULL,NULL,NULL,NULL,NULL,NULL,NULL,NULL,NULL,NULL,NULL),('AGT-225896',225896,'JAYANTI',NULL,NULL,'BLITAR','1985-10-19',NULL,NULL,NULL,NULL,NULL,10,NULL,NULL,NULL,NULL,NULL,NULL,NULL,NULL,NULL,NULL,NULL,NULL),('AGT-225897',225897,'HAQUL SUSILO',NULL,NULL,'TEKE','1995-11-13',NULL,NULL,NULL,NULL,NULL,10,NULL,NULL,NULL,NULL,NULL,NULL,NULL,NULL,NULL,NULL,NULL,NULL),('AGT-225899',225899,'PURWANTO BIN KASRUN',NULL,NULL,'GROBOGAN','1986-11-19',NULL,NULL,NULL,NULL,NULL,10,NULL,NULL,NULL,NULL,NULL,NULL,NULL,NULL,NULL,NULL,NULL,NULL),('AGT-225900',225900,'YUDHA PRASETYA',NULL,NULL,'SRAGEN','2000-03-21',NULL,NULL,NULL,NULL,NULL,10,NULL,NULL,NULL,NULL,NULL,NULL,NULL,NULL,NULL,NULL,NULL,NULL),('AGT-225901',225901,'RAGIL NURCAHYO',NULL,NULL,'TANJUNG REJO','1995-09-16',NULL,NULL,NULL,NULL,NULL,10,NULL,NULL,NULL,NULL,NULL,NULL,NULL,NULL,NULL,NULL,NULL,NULL),('AGT-225902',225902,'M. ANDIKA PRATAMA',NULL,NULL,'BOGOR','1999-11-16',NULL,NULL,NULL,NULL,NULL,10,NULL,NULL,NULL,NULL,NULL,NULL,NULL,NULL,NULL,NULL,NULL,NULL),('AGT-225903',225903,'ABDUL ROZAK',NULL,NULL,'JAKARTA','1978-06-08',NULL,NULL,NULL,NULL,NULL,10,NULL,NULL,NULL,NULL,NULL,NULL,NULL,NULL,NULL,NULL,NULL,NULL),('AGT-225904',225904,'HARYANTO',NULL,NULL,'DARU NTB','1997-02-01',NULL,NULL,NULL,NULL,NULL,10,NULL,NULL,NULL,NULL,NULL,NULL,NULL,NULL,NULL,NULL,NULL,NULL),('AGT-225905',225905,'RUDI HARTONO',NULL,NULL,'BANYUMAS','1988-12-10',NULL,NULL,NULL,NULL,NULL,10,NULL,NULL,NULL,NULL,NULL,NULL,NULL,NULL,NULL,NULL,NULL,NULL),('AGT-225906',225906,'YOHANDES',NULL,NULL,'RAJA JAYA','1997-01-07',NULL,NULL,NULL,NULL,NULL,10,NULL,NULL,NULL,NULL,NULL,NULL,NULL,NULL,NULL,NULL,NULL,NULL),('AGT-225907',225907,'ASRUL',NULL,NULL,'MAKASAR','1979-11-17',NULL,NULL,NULL,NULL,NULL,10,NULL,NULL,NULL,NULL,NULL,NULL,NULL,NULL,NULL,NULL,NULL,NULL),('AGT-225908',225908,'HERMANSYAH',NULL,NULL,'JAKARTA','1977-12-14',NULL,NULL,NULL,NULL,NULL,10,NULL,NULL,NULL,NULL,NULL,NULL,NULL,NULL,NULL,NULL,NULL,NULL),('AGT-225909',225909,'MAULANA ICHSAN',NULL,NULL,'JAKARTA','1990-12-29',NULL,NULL,NULL,NULL,NULL,10,NULL,NULL,NULL,NULL,NULL,NULL,NULL,NULL,NULL,NULL,NULL,NULL),('AGT-225911',225911,'APRIANTO',NULL,NULL,'AIR KERING','1986-04-04',NULL,NULL,NULL,NULL,NULL,10,NULL,NULL,NULL,NULL,NULL,NULL,NULL,NULL,NULL,NULL,NULL,NULL),('AGT-225912',225912,'KHAIRIL RIZQI',NULL,NULL,'JAKARTA','1984-10-16',NULL,NULL,NULL,NULL,NULL,10,NULL,NULL,NULL,NULL,NULL,NULL,NULL,NULL,NULL,NULL,NULL,NULL),('AGT-225914',225914,'MUHAMAD AFANDI',NULL,NULL,'JAKARTA','1995-07-07',NULL,NULL,NULL,NULL,NULL,10,NULL,NULL,NULL,NULL,NULL,NULL,NULL,NULL,NULL,NULL,NULL,NULL),('AGT-225916',225916,'SURYANTO',NULL,NULL,'JAMBI','1990-09-09',NULL,NULL,NULL,NULL,NULL,10,NULL,NULL,NULL,NULL,NULL,NULL,NULL,NULL,NULL,NULL,NULL,NULL),('AGT-225917',225917,'MAULANA TAUFIK',NULL,NULL,'DEPOK','1991-09-25',NULL,NULL,NULL,NULL,NULL,10,NULL,NULL,NULL,NULL,NULL,NULL,NULL,NULL,NULL,NULL,NULL,NULL),('AGT-225919',225919,'BAMBANG BUDIANTO',NULL,NULL,'PACITAN','1979-09-02',NULL,NULL,NULL,NULL,NULL,10,NULL,NULL,NULL,NULL,NULL,NULL,NULL,NULL,NULL,NULL,NULL,NULL),('AGT-225921',225921,'DENI HANDIKA',NULL,NULL,'JAKARTA','1989-04-05',NULL,NULL,NULL,NULL,NULL,10,NULL,NULL,NULL,NULL,NULL,NULL,NULL,NULL,NULL,NULL,NULL,NULL),('AGT-225922',225922,'SITI HARDIYANTI',NULL,NULL,'JAKARTA','1997-11-12',NULL,NULL,NULL,NULL,NULL,10,NULL,NULL,NULL,NULL,NULL,NULL,NULL,NULL,NULL,NULL,NULL,NULL),('AGT-225923',225923,'KANINTA ANGGRAINI',NULL,NULL,'JAKARTA','1995-07-07',NULL,NULL,NULL,NULL,NULL,10,NULL,NULL,NULL,NULL,NULL,NULL,NULL,NULL,NULL,NULL,NULL,NULL),('AGT-225924',225924,'INDRA KUSUMA WARDANA',NULL,NULL,'KEBUMEN','1994-10-17',NULL,NULL,NULL,NULL,NULL,10,NULL,NULL,NULL,NULL,NULL,NULL,NULL,NULL,NULL,NULL,NULL,NULL),('AGT-225926',225926,'BENI SUSILO',NULL,NULL,'SUKUHARJO','1988-01-08',NULL,NULL,NULL,NULL,NULL,10,NULL,NULL,NULL,NULL,NULL,NULL,NULL,NULL,NULL,NULL,NULL,NULL),('AGT-225927',225927,'AMSIR',NULL,NULL,'DEPOK','1985-05-10',NULL,NULL,NULL,NULL,NULL,10,NULL,NULL,NULL,NULL,NULL,NULL,NULL,NULL,NULL,NULL,NULL,NULL),('AGT-225928',225928,'ASEP SUNARYA',NULL,NULL,'BEKASI','1990-10-28',NULL,NULL,NULL,NULL,NULL,10,NULL,NULL,NULL,NULL,NULL,NULL,NULL,NULL,NULL,NULL,NULL,NULL),('AGT-225931',225931,'INDRA LESMANA',NULL,NULL,'BOGOR','1979-11-16',NULL,NULL,NULL,NULL,NULL,10,NULL,NULL,NULL,NULL,NULL,NULL,NULL,NULL,NULL,NULL,NULL,NULL),('AGT-225932',225932,'RONNY KURNIAWAN',NULL,NULL,'BOYOLALI','1983-05-04',NULL,NULL,NULL,NULL,NULL,10,NULL,NULL,NULL,NULL,NULL,NULL,NULL,NULL,NULL,NULL,NULL,NULL),('AGT-225933',225933,'ACEP AAN YULIANA',NULL,NULL,'DEPOK','1980-07-18',NULL,NULL,NULL,NULL,NULL,10,NULL,NULL,NULL,NULL,NULL,NULL,NULL,NULL,NULL,NULL,NULL,NULL),('AGT-225934',225934,'MUHAMAD IDHAM TAJUDDIN',NULL,NULL,'BANTUL','1989-05-06',NULL,NULL,NULL,NULL,NULL,10,NULL,NULL,NULL,NULL,NULL,NULL,NULL,NULL,NULL,NULL,NULL,NULL),('AGT-225935',225935,'DWI JOKO MULYONO',NULL,NULL,'JAKARTA','1979-04-18',NULL,NULL,NULL,NULL,NULL,10,NULL,NULL,NULL,NULL,NULL,NULL,NULL,NULL,NULL,NULL,NULL,NULL),('AGT-225936',225936,'HERUDIN SUBUR GUNTORO',NULL,NULL,'JAKARTA','1973-01-22',NULL,NULL,NULL,NULL,NULL,10,NULL,NULL,NULL,NULL,NULL,NULL,NULL,NULL,NULL,NULL,NULL,NULL),('AGT-225937',225937,'ASIH ANTO',NULL,NULL,'PEMALANG','1988-12-02',NULL,NULL,NULL,NULL,NULL,10,NULL,NULL,NULL,NULL,NULL,NULL,NULL,NULL,NULL,NULL,NULL,NULL),('AGT-225938',225938,'RANDY MUHAMAD NUR',NULL,NULL,'BEKASI','1995-10-19',NULL,NULL,NULL,NULL,NULL,10,NULL,NULL,NULL,NULL,NULL,NULL,NULL,NULL,NULL,NULL,NULL,NULL),('AGT-225939',225939,'EDDI',NULL,NULL,'JAKARTA','1984-04-10',NULL,NULL,NULL,NULL,NULL,10,NULL,NULL,NULL,NULL,NULL,NULL,NULL,NULL,NULL,NULL,NULL,NULL),('AGT-225940',225940,'SUJADI',NULL,NULL,'JAKARTA','1977-05-20',NULL,NULL,NULL,NULL,NULL,10,NULL,NULL,NULL,NULL,NULL,NULL,NULL,NULL,NULL,NULL,NULL,NULL),('AGT-225941',225941,'JUNAIDI',NULL,NULL,'MEDAN','1986-07-19',NULL,NULL,NULL,NULL,NULL,10,NULL,NULL,NULL,NULL,NULL,NULL,NULL,NULL,NULL,NULL,NULL,NULL),('AGT-225942',225942,'KOMAN',NULL,NULL,'KEBUMEN','1985-12-25',NULL,NULL,NULL,NULL,NULL,10,NULL,NULL,NULL,NULL,NULL,NULL,NULL,NULL,NULL,NULL,NULL,NULL),('AGT-225943',225943,'SUNARDI',NULL,NULL,'GARUT','1996-03-08',NULL,NULL,NULL,NULL,NULL,10,NULL,NULL,NULL,NULL,NULL,NULL,NULL,NULL,NULL,NULL,NULL,NULL),('AGT-225944',225944,'HARDANI',NULL,NULL,'LAMPUNG','1986-04-14',NULL,NULL,NULL,NULL,NULL,10,NULL,NULL,NULL,NULL,NULL,NULL,NULL,NULL,NULL,NULL,NULL,NULL),('AGT-225946',225946,'TOGU HAMONANGAN',NULL,NULL,'JAKARTA','1983-11-09',NULL,NULL,NULL,NULL,NULL,10,NULL,NULL,NULL,NULL,NULL,NULL,NULL,NULL,NULL,NULL,NULL,NULL),('AGT-225947',225947,'INDRA BOMMA',NULL,NULL,'JAKARTA','1984-10-28',NULL,NULL,NULL,NULL,NULL,10,NULL,NULL,NULL,NULL,NULL,NULL,NULL,NULL,NULL,NULL,NULL,NULL),('AGT-225959',225959,'DENY PRASETYO',NULL,NULL,'BOYOLALI','1996-04-14',NULL,NULL,NULL,NULL,NULL,10,NULL,NULL,NULL,NULL,NULL,NULL,NULL,NULL,NULL,NULL,NULL,NULL),('AGT-225962',225962,'MT JAZULI',NULL,NULL,'PEMALANG','1982-10-13',NULL,NULL,NULL,NULL,NULL,10,NULL,NULL,NULL,NULL,NULL,NULL,NULL,NULL,NULL,NULL,NULL,NULL),('AGT-225963',225963,'BARINGIN TUA PANGGABEAN',NULL,NULL,'MEDAN','1982-05-04',NULL,NULL,NULL,NULL,NULL,10,NULL,NULL,NULL,NULL,NULL,NULL,NULL,NULL,NULL,NULL,NULL,NULL),('AGT-225964',225964,'RIDHO HARIANTO',NULL,NULL,'MARGODADI','1994-05-20',NULL,NULL,NULL,NULL,NULL,10,NULL,NULL,NULL,NULL,NULL,NULL,NULL,NULL,NULL,NULL,NULL,NULL),('AGT-225965',225965,'TRI SUTRISNO',NULL,NULL,'JAKARTA','1986-02-12',NULL,NULL,NULL,NULL,NULL,10,NULL,NULL,NULL,NULL,NULL,NULL,NULL,NULL,NULL,NULL,NULL,NULL),('AGT-225966',225966,'HARDIANSYAH',NULL,NULL,'JAKARTA','1986-11-24',NULL,NULL,NULL,NULL,NULL,10,NULL,NULL,NULL,NULL,NULL,NULL,NULL,NULL,NULL,NULL,NULL,NULL),('AGT-225967',225967,'RAHMAT DWI AJI SAPUTRA',NULL,NULL,'JAKARTA','1986-08-12',NULL,NULL,NULL,NULL,NULL,10,NULL,NULL,NULL,NULL,NULL,NULL,NULL,NULL,NULL,NULL,NULL,NULL),('AGT-225968',225968,'WIRYADI',NULL,NULL,'CIREBON','1991-09-15',NULL,NULL,NULL,NULL,NULL,10,NULL,NULL,NULL,NULL,NULL,NULL,NULL,NULL,NULL,NULL,NULL,NULL),('AGT-225969',225969,'WIBISONO SAPUTRO',NULL,NULL,'PEKALONGAN','1992-03-04',NULL,NULL,NULL,NULL,NULL,10,NULL,NULL,NULL,NULL,NULL,NULL,NULL,NULL,NULL,NULL,NULL,NULL),('AGT-225976',225976,'AHMAD HASANUDIN',NULL,NULL,'SUBANG','1985-05-07',NULL,NULL,NULL,NULL,NULL,10,NULL,NULL,NULL,NULL,NULL,NULL,NULL,NULL,NULL,NULL,NULL,NULL),('AGT-225978',225978,'AHMAD SOPYAN',NULL,NULL,'KARAWANG','1985-06-13',NULL,NULL,NULL,NULL,NULL,10,NULL,NULL,NULL,NULL,NULL,NULL,NULL,NULL,NULL,NULL,NULL,NULL),('AGT-225980',225980,'AHMAD TURYADI',NULL,NULL,'KARAWANG','1987-07-13',NULL,NULL,NULL,NULL,NULL,10,NULL,NULL,NULL,NULL,NULL,NULL,NULL,NULL,NULL,NULL,NULL,NULL),('AGT-225982',225982,'ARIS WIBOWO',NULL,NULL,'KLATEN','1989-04-30',NULL,NULL,NULL,NULL,NULL,10,NULL,NULL,NULL,NULL,NULL,NULL,NULL,NULL,NULL,NULL,NULL,NULL),('AGT-225984',225984,'ASEP SURYADI',NULL,NULL,'KARAWANG','1987-03-17',NULL,NULL,NULL,NULL,NULL,10,NULL,NULL,NULL,NULL,NULL,NULL,NULL,NULL,NULL,NULL,NULL,NULL),('AGT-225988',225988,'MUHAMAD FAHMI NUROZI',NULL,NULL,'BOGOR','2002-04-14',NULL,NULL,NULL,NULL,NULL,10,NULL,NULL,NULL,NULL,NULL,NULL,NULL,NULL,NULL,NULL,NULL,NULL),('AGT-225989',225989,'DANNY ISHARYANA',NULL,NULL,'CIREBON','1984-06-13',NULL,NULL,NULL,NULL,NULL,10,NULL,NULL,NULL,NULL,NULL,NULL,NULL,NULL,NULL,NULL,NULL,NULL),('AGT-225990',225990,'AGUS SALIM',NULL,NULL,'KUNINGAN','1995-08-20',NULL,NULL,NULL,NULL,NULL,10,NULL,NULL,NULL,NULL,NULL,NULL,NULL,NULL,NULL,NULL,NULL,NULL),('AGT-225993',225993,'ANTON KURNIAWAN',NULL,NULL,'MAGETAN','1995-05-30',NULL,NULL,NULL,NULL,NULL,10,NULL,NULL,NULL,NULL,NULL,NULL,NULL,NULL,NULL,NULL,NULL,NULL),('AGT-225996',225996,'DEN HARUN M. SIDIK',NULL,NULL,'KARAWANG','1993-05-27',NULL,NULL,NULL,NULL,NULL,10,NULL,NULL,NULL,NULL,NULL,NULL,NULL,NULL,NULL,NULL,NULL,NULL),('AGT-225997',225997,'AGUS WARNOTO',NULL,NULL,'JAKARTA','1986-07-02',NULL,NULL,NULL,NULL,NULL,10,NULL,NULL,NULL,NULL,NULL,NULL,NULL,NULL,NULL,NULL,NULL,NULL),('AGT-225999',225999,'DENNI HARIYANTO',NULL,NULL,'MAGETAN','1989-11-24',NULL,NULL,NULL,NULL,NULL,10,NULL,NULL,NULL,NULL,NULL,NULL,NULL,NULL,NULL,NULL,NULL,NULL),('AGT-226001',226001,'HENDRA WAHYUDI',NULL,NULL,'RANTAU PANDAN','1999-04-17',NULL,NULL,NULL,NULL,NULL,10,NULL,NULL,NULL,NULL,NULL,NULL,NULL,NULL,NULL,NULL,NULL,NULL),('AGT-226002',226002,'GIYANTA',NULL,NULL,'GUNUNG KIDUL','1987-12-20',NULL,NULL,NULL,NULL,NULL,10,NULL,NULL,NULL,NULL,NULL,NULL,NULL,NULL,NULL,NULL,NULL,NULL),('AGT-226003',226003,'HANIFAH',NULL,NULL,'KUNINGAN','1994-10-24',NULL,NULL,NULL,NULL,NULL,10,NULL,NULL,NULL,NULL,NULL,NULL,NULL,NULL,NULL,NULL,NULL,NULL),('AGT-226005',226005,'HENDRIK TAMBA',NULL,NULL,'JAKARTA','1978-10-09',NULL,NULL,NULL,NULL,NULL,10,NULL,NULL,NULL,NULL,NULL,NULL,NULL,NULL,NULL,NULL,NULL,NULL),('AGT-226007',226007,'IRWAN BIN TARJA',NULL,NULL,'KARAWANG','1982-09-14',NULL,NULL,NULL,NULL,NULL,10,NULL,NULL,NULL,NULL,NULL,NULL,NULL,NULL,NULL,NULL,NULL,NULL),('AGT-226009',226009,'MUTIA MEGAHANA',NULL,NULL,'JAKARTA','1985-09-07',NULL,NULL,NULL,NULL,NULL,10,NULL,NULL,NULL,NULL,NULL,NULL,NULL,NULL,NULL,NULL,NULL,NULL),('AGT-226010',226010,'NUNU SUTIAWAN',NULL,NULL,'KARAWANG','1985-11-12',NULL,NULL,NULL,NULL,NULL,10,NULL,NULL,NULL,NULL,NULL,NULL,NULL,NULL,NULL,NULL,NULL,NULL),('AGT-226013',226013,'AYATULLAH HUMAINI',NULL,NULL,'JAKARTA','1987-06-13',NULL,NULL,NULL,NULL,NULL,10,NULL,NULL,NULL,NULL,NULL,NULL,NULL,NULL,NULL,NULL,NULL,NULL),('AGT-226014',226014,'LAODE FADILAH',NULL,NULL,'JAKARTA','1986-07-27',NULL,NULL,NULL,NULL,NULL,10,NULL,NULL,NULL,NULL,NULL,NULL,NULL,NULL,NULL,NULL,NULL,NULL),('AGT-226017',226017,'RISWAN',NULL,NULL,'JAKARTA','1982-06-08',NULL,NULL,NULL,NULL,NULL,10,NULL,NULL,NULL,NULL,NULL,NULL,NULL,NULL,NULL,NULL,NULL,NULL),('AGT-226018',226018,'SUPRIYADI BIN SUGIRI',NULL,NULL,'LEBAK','1980-03-22',NULL,NULL,NULL,NULL,NULL,10,NULL,NULL,NULL,NULL,NULL,NULL,NULL,NULL,NULL,NULL,NULL,NULL),('AGT-226019',226019,'ALVIAN NOVAL TRIWARDANA',NULL,NULL,'BEKASI','1996-11-27',NULL,NULL,NULL,NULL,NULL,10,NULL,NULL,NULL,NULL,NULL,NULL,NULL,NULL,NULL,NULL,NULL,NULL),('AGT-226021',226021,'HASAN SUBANDI',NULL,NULL,'JAKARTA','1993-12-13',NULL,NULL,NULL,NULL,NULL,10,NULL,NULL,NULL,NULL,NULL,NULL,NULL,NULL,NULL,NULL,NULL,NULL),('AGT-226022',226022,'SANDI WISNU MURDONO',NULL,NULL,'PURWOREJO','1989-09-29',NULL,NULL,NULL,NULL,NULL,10,NULL,NULL,NULL,NULL,NULL,NULL,NULL,NULL,NULL,NULL,NULL,NULL),('AGT-226023',226023,'ICHAL FERNANDO',NULL,NULL,'SUMBER JAYA','1996-01-04',NULL,NULL,NULL,NULL,NULL,10,NULL,NULL,NULL,NULL,NULL,NULL,NULL,NULL,NULL,NULL,NULL,NULL),('AGT-226024',226024,'SURYADI',NULL,NULL,'BANYUMAS','1990-07-18',NULL,NULL,NULL,NULL,NULL,10,NULL,NULL,NULL,NULL,NULL,NULL,NULL,NULL,NULL,NULL,NULL,NULL),('AGT-226025',226025,'MUHAEPI',NULL,NULL,'INDRAMAYU','1996-09-24',NULL,NULL,NULL,NULL,NULL,10,NULL,NULL,NULL,NULL,NULL,NULL,NULL,NULL,NULL,NULL,NULL,NULL),('AGT-226026',226026,'TEGUH IMANSYAH',NULL,NULL,'TEGAL','1978-03-23',NULL,NULL,NULL,NULL,NULL,10,NULL,NULL,NULL,NULL,NULL,NULL,NULL,NULL,NULL,NULL,NULL,NULL),('AGT-226027',226027,'AGUS SUPRITNO',NULL,NULL,'LAMPUNG','1991-07-10',NULL,NULL,NULL,NULL,NULL,10,NULL,NULL,NULL,NULL,NULL,NULL,NULL,NULL,NULL,NULL,NULL,NULL),('AGT-226028',226028,'ANDREAS MARTHAN DAMANIK',NULL,NULL,'PEMANTANG SIANTAR','1995-03-23',NULL,NULL,NULL,NULL,NULL,10,NULL,NULL,NULL,NULL,NULL,NULL,NULL,NULL,NULL,NULL,NULL,NULL),('AGT-226030',226030,'BENI RONIANSYAH',NULL,NULL,'SUKARJA','1996-03-19',NULL,NULL,NULL,NULL,NULL,10,NULL,NULL,NULL,NULL,NULL,NULL,NULL,NULL,NULL,NULL,NULL,NULL),('AGT-226031',226031,'JONI ANDRIAN',NULL,NULL,'KUNINGAN','1992-01-01',NULL,NULL,NULL,NULL,NULL,10,NULL,NULL,NULL,NULL,NULL,NULL,NULL,NULL,NULL,NULL,NULL,NULL),('AGT-226032',226032,'TONO SUSANTO',NULL,NULL,'KARAWANG','1988-04-06',NULL,NULL,NULL,NULL,NULL,10,NULL,NULL,NULL,NULL,NULL,NULL,NULL,NULL,NULL,NULL,NULL,NULL),('AGT-226033',226033,'UDIN WAHYUDIN',NULL,NULL,'KARAWANG','1983-07-13',NULL,NULL,NULL,NULL,NULL,10,NULL,NULL,NULL,NULL,NULL,NULL,NULL,NULL,NULL,NULL,NULL,NULL),('AGT-226034',226034,'NICO DARMAWAN',NULL,NULL,'NGAWI','1998-10-16',NULL,NULL,NULL,NULL,NULL,10,NULL,NULL,NULL,NULL,NULL,NULL,NULL,NULL,NULL,NULL,NULL,NULL),('AGT-226035',226035,'PARTA RUSTANDI',NULL,NULL,'KARAWANG','1998-06-02',NULL,NULL,NULL,NULL,NULL,10,NULL,NULL,NULL,NULL,NULL,NULL,NULL,NULL,NULL,NULL,NULL,NULL),('AGT-226037',226037,'MUCHAMAD JUNAEDI ABDILAH',NULL,NULL,'SUBANG','1998-06-02',NULL,NULL,NULL,NULL,NULL,10,NULL,NULL,NULL,NULL,NULL,NULL,NULL,NULL,NULL,NULL,NULL,NULL),('AGT-226040',226040,'SUYATNO',NULL,NULL,'CIREBON','1992-10-16',NULL,NULL,NULL,NULL,NULL,10,NULL,NULL,NULL,NULL,NULL,NULL,NULL,NULL,NULL,NULL,NULL,NULL),('AGT-226041',226041,'FITRI AYU NOVITASARI',NULL,NULL,'-SELEMAN ULU PALEMBANG','1999-04-04',NULL,NULL,NULL,NULL,NULL,10,NULL,NULL,NULL,NULL,NULL,NULL,NULL,NULL,NULL,NULL,NULL,NULL),('AGT-226042',226042,'LUTFITYAS ENDRIANSYAH',NULL,NULL,'PATI','1998-12-27',NULL,NULL,NULL,NULL,NULL,10,NULL,NULL,NULL,NULL,NULL,NULL,NULL,NULL,NULL,NULL,NULL,NULL),('AGT-226044',226044,'HERA TANJUNG BARAT',NULL,NULL,'BOGOR','1982-09-07',NULL,NULL,NULL,NULL,NULL,10,NULL,NULL,NULL,NULL,NULL,NULL,NULL,NULL,NULL,NULL,NULL,NULL),('AGT-226045',226045,'INDOS AHMAD FAUZI',NULL,NULL,'KARAWANG','1991-06-26',NULL,NULL,NULL,NULL,NULL,10,NULL,NULL,NULL,NULL,NULL,NULL,NULL,NULL,NULL,NULL,NULL,NULL),('AGT-226047',226047,'IWA WARDANI',NULL,NULL,'KARAWANG','1976-06-17',NULL,NULL,NULL,NULL,NULL,10,NULL,NULL,NULL,NULL,NULL,NULL,NULL,NULL,NULL,NULL,NULL,NULL),('AGT-226048',226048,'JAENAL ALI',NULL,NULL,'SUBANG','1991-11-29',NULL,NULL,NULL,NULL,NULL,10,NULL,NULL,NULL,NULL,NULL,NULL,NULL,NULL,NULL,NULL,NULL,NULL),('AGT-226049',226049,'MOH IQBAL ABDUSSALAM',NULL,NULL,'BREBES','1997-02-27',NULL,NULL,NULL,NULL,NULL,10,NULL,NULL,NULL,NULL,NULL,NULL,NULL,NULL,NULL,NULL,NULL,NULL),('AGT-226050',226050,'SARDIYANTO',NULL,NULL,'KARAWANG','1996-11-05',NULL,NULL,NULL,NULL,NULL,10,NULL,NULL,NULL,NULL,NULL,NULL,NULL,NULL,NULL,NULL,NULL,NULL),('AGT-226051',226051,'TRISNAWATY MANATAP S.',NULL,NULL,'BOGOR','1985-07-07',NULL,NULL,NULL,NULL,NULL,10,NULL,NULL,NULL,NULL,NULL,NULL,NULL,NULL,NULL,NULL,NULL,NULL),('AGT-226052',226052,'ZAENURI',NULL,NULL,'BLORA','1989-02-04',NULL,NULL,NULL,NULL,NULL,10,NULL,NULL,NULL,NULL,NULL,NULL,NULL,NULL,NULL,NULL,NULL,NULL),('AGT-226054',226054,'MARYONO',NULL,NULL,'BANYUMAS','1986-03-14',NULL,NULL,NULL,NULL,NULL,10,NULL,NULL,NULL,NULL,NULL,NULL,NULL,NULL,NULL,NULL,NULL,NULL),('AGT-226055',226055,'RIRI WIDIYANTO',NULL,NULL,'WONOGIRI','1986-06-01',NULL,NULL,NULL,NULL,NULL,10,NULL,NULL,NULL,NULL,NULL,NULL,NULL,NULL,NULL,NULL,NULL,NULL),('AGT-226056',226056,'HARIYANDA',NULL,NULL,'PANGKAL BERANDAN','1993-07-31',NULL,NULL,NULL,NULL,NULL,10,NULL,NULL,NULL,NULL,NULL,NULL,NULL,NULL,NULL,NULL,NULL,NULL),('AGT-226057',226057,'M AGUS NUROKHMAN',NULL,NULL,'KEBUMEN','1987-08-17',NULL,NULL,NULL,NULL,NULL,10,NULL,NULL,NULL,NULL,NULL,NULL,NULL,NULL,NULL,NULL,NULL,NULL),('AGT-226059',226059,'RENDI USMAN HAQIQI',NULL,NULL,'KARAWANG','1989-10-27',NULL,NULL,NULL,NULL,NULL,10,NULL,NULL,NULL,NULL,NULL,NULL,NULL,NULL,NULL,NULL,NULL,NULL),('AGT-226060',226060,'YANTO SURYANA',NULL,NULL,'KARAWANG','1981-01-01',NULL,NULL,NULL,NULL,NULL,10,NULL,NULL,NULL,NULL,NULL,NULL,NULL,NULL,NULL,NULL,NULL,NULL),('AGT-226061',226061,'AKBAR HUSEN',NULL,NULL,'KARAWANG','1995-07-11',NULL,NULL,NULL,NULL,NULL,10,NULL,NULL,NULL,NULL,NULL,NULL,NULL,NULL,NULL,NULL,NULL,NULL),('AGT-226064',226064,'ARIS GINO',NULL,NULL,'KARAWANG','1976-06-17',NULL,NULL,NULL,NULL,NULL,10,NULL,NULL,NULL,NULL,NULL,NULL,NULL,NULL,NULL,NULL,NULL,NULL),('AGT-226065',226065,'EKO BUDIYONO',NULL,NULL,'BOYOLALI','1991-10-17',NULL,NULL,NULL,NULL,NULL,10,NULL,NULL,NULL,NULL,NULL,NULL,NULL,NULL,NULL,NULL,NULL,NULL),('AGT-226066',226066,'JEJEN NAHROWIH',NULL,NULL,'BEKASI','2020-01-24',NULL,NULL,NULL,NULL,NULL,10,NULL,NULL,NULL,NULL,NULL,NULL,NULL,NULL,NULL,NULL,NULL,NULL),('AGT-226068',226068,'MADHAN SAMUEL LIMBONG',NULL,NULL,'KUNINGAN','1995-02-05',NULL,NULL,NULL,NULL,NULL,10,NULL,NULL,NULL,NULL,NULL,NULL,NULL,NULL,NULL,NULL,NULL,NULL),('AGT-226069',226069,'MISTA SUNANDAR',NULL,NULL,'KARAWANG','1988-02-03',NULL,NULL,NULL,NULL,NULL,10,NULL,NULL,NULL,NULL,NULL,NULL,NULL,NULL,NULL,NULL,NULL,NULL),('AGT-226070',226070,'Rahman A Didipu',NULL,NULL,'GORONTALO','1983-11-03',NULL,NULL,NULL,NULL,NULL,10,NULL,NULL,NULL,NULL,NULL,NULL,NULL,NULL,NULL,NULL,NULL,NULL),('AGT-226071',226071,'RINNI PARWATI',NULL,NULL,'JAKARTA','1995-03-09',NULL,NULL,NULL,NULL,NULL,10,NULL,NULL,NULL,NULL,NULL,NULL,NULL,NULL,NULL,NULL,NULL,NULL),('AGT-226072',226072,'SUKAYA',NULL,NULL,'KARAWANG','1989-11-05',NULL,NULL,NULL,NULL,NULL,10,NULL,NULL,NULL,NULL,NULL,NULL,NULL,NULL,NULL,NULL,NULL,NULL),('AGT-226075',226075,'WAHID KHOIR AMIRUDIN',NULL,NULL,'BEKASI','1992-08-14',NULL,NULL,NULL,NULL,NULL,10,NULL,NULL,NULL,NULL,NULL,NULL,NULL,NULL,NULL,NULL,NULL,NULL),('AGT-226076',226076,'YUHERLIS',NULL,NULL,'LAMPUNG','1989-09-14',NULL,NULL,NULL,NULL,NULL,10,NULL,NULL,NULL,NULL,NULL,NULL,NULL,NULL,NULL,NULL,NULL,NULL),('AGT-226077',226077,'Ade Rukmana',NULL,NULL,'CILACAP','1993-02-17',NULL,NULL,NULL,NULL,NULL,10,NULL,NULL,NULL,NULL,NULL,NULL,NULL,NULL,NULL,NULL,NULL,NULL),('AGT-226078',226078,'DADAN RAMDANI',NULL,NULL,'BANDUNG','1982-07-13',NULL,NULL,NULL,NULL,NULL,10,NULL,NULL,NULL,NULL,NULL,NULL,NULL,NULL,NULL,NULL,NULL,NULL),('AGT-226080',226080,'DEDI SUPRIYANTO',NULL,NULL,'LAMPUNG','1992-09-10',NULL,NULL,NULL,NULL,NULL,10,NULL,NULL,NULL,NULL,NULL,NULL,NULL,NULL,NULL,NULL,NULL,NULL),('AGT-226081',226081,'EENG DIAHUNI',NULL,NULL,'PALEMBANG','1984-04-18',NULL,NULL,NULL,NULL,NULL,10,NULL,NULL,NULL,NULL,NULL,NULL,NULL,NULL,NULL,NULL,NULL,NULL),('AGT-226082',226082,'EKO KISWANTO',NULL,NULL,'YOGYAKARTA','1991-08-20',NULL,NULL,NULL,NULL,NULL,10,NULL,NULL,NULL,NULL,NULL,NULL,NULL,NULL,NULL,NULL,NULL,NULL),('AGT-226084',226084,'Jaja Miharja',NULL,NULL,'KARAWANG','1988-03-25',NULL,NULL,NULL,NULL,NULL,10,NULL,NULL,NULL,NULL,NULL,NULL,NULL,NULL,NULL,NULL,NULL,NULL),('AGT-226085',226085,'NANDI IRAWAN',NULL,NULL,'KARAWANG','1989-09-29',NULL,NULL,NULL,NULL,NULL,10,NULL,NULL,NULL,NULL,NULL,NULL,NULL,NULL,NULL,NULL,NULL,NULL),('AGT-226086',226086,'RANI YUNIANI',NULL,NULL,'KARAWANG','1994-06-15',NULL,NULL,NULL,NULL,NULL,10,NULL,NULL,NULL,NULL,NULL,NULL,NULL,NULL,NULL,NULL,NULL,NULL),('AGT-226087',226087,'SUPRIYATI',NULL,NULL,'PURWOREJO','1982-07-10',NULL,NULL,NULL,NULL,NULL,10,NULL,NULL,NULL,NULL,NULL,NULL,NULL,NULL,NULL,NULL,NULL,NULL),('AGT-226088',226088,'TIRTA',NULL,NULL,'KARAWANG','1987-04-14',NULL,NULL,NULL,NULL,NULL,10,NULL,NULL,NULL,NULL,NULL,NULL,NULL,NULL,NULL,NULL,NULL,NULL),('AGT-226090',226090,'ADE KURNIAWAN',NULL,NULL,'KARAWANG','1995-07-08',NULL,NULL,NULL,NULL,NULL,10,NULL,NULL,NULL,NULL,NULL,NULL,NULL,NULL,NULL,NULL,NULL,NULL),('AGT-226092',226092,'ERI RIANTO',NULL,NULL,'KARAWANG','1999-09-16',NULL,NULL,NULL,NULL,NULL,10,NULL,NULL,NULL,NULL,NULL,NULL,NULL,NULL,NULL,NULL,NULL,NULL),('AGT-226094',226094,'Selamet Mulyadi',NULL,NULL,'CIAMIS','1988-04-04',NULL,NULL,NULL,NULL,NULL,10,NULL,NULL,NULL,NULL,NULL,NULL,NULL,NULL,NULL,NULL,NULL,NULL),('AGT-226095',226095,'RAFLI PUTRA Y',NULL,NULL,'KARAWANG','1999-06-21',NULL,NULL,NULL,NULL,NULL,10,NULL,NULL,NULL,NULL,NULL,NULL,NULL,NULL,NULL,NULL,NULL,NULL),('AGT-226097',226097,'MIGEL SAPUTRA',NULL,NULL,'INUNANG','2001-03-06',NULL,NULL,NULL,NULL,NULL,10,NULL,NULL,NULL,NULL,NULL,NULL,NULL,NULL,NULL,NULL,NULL,NULL),('AGT-226099',226099,'ENDANG TIRTANA',NULL,NULL,'PURWAKARTA','1989-04-02',NULL,NULL,NULL,NULL,NULL,10,NULL,NULL,NULL,NULL,NULL,NULL,NULL,NULL,NULL,NULL,NULL,NULL),('AGT-226101',226101,'NURHAMJAH',NULL,NULL,'KUNINGAN','1994-09-01',NULL,NULL,NULL,NULL,NULL,10,NULL,NULL,NULL,NULL,NULL,NULL,NULL,NULL,NULL,NULL,NULL,NULL),('AGT-226102',226102,'TRIYONO',NULL,NULL,'WONOGIRI','1993-06-23',NULL,NULL,NULL,NULL,NULL,10,NULL,NULL,NULL,NULL,NULL,NULL,NULL,NULL,NULL,NULL,NULL,NULL),('AGT-226103',226103,'ROLEN MARPAUNG',NULL,NULL,'MEDAN','1984-09-16',NULL,NULL,NULL,NULL,NULL,10,NULL,NULL,NULL,NULL,NULL,NULL,NULL,NULL,NULL,NULL,NULL,NULL),('AGT-226104',226104,'YUDI PRATAMA',NULL,NULL,'KARAWANG','1999-10-18',NULL,NULL,NULL,NULL,NULL,10,NULL,NULL,NULL,NULL,NULL,NULL,NULL,NULL,NULL,NULL,NULL,NULL),('AGT-226106',226106,'REGI IRWANSYAH',NULL,NULL,'PAGAR ALAM','1988-08-12',NULL,NULL,NULL,NULL,NULL,10,NULL,NULL,NULL,NULL,NULL,NULL,NULL,NULL,NULL,NULL,NULL,NULL),('AGT-226107',226107,'ROSSY ARDIANSYAH',NULL,NULL,'BREBES','1992-01-01',NULL,NULL,NULL,NULL,NULL,10,NULL,NULL,NULL,NULL,NULL,NULL,NULL,NULL,NULL,NULL,NULL,NULL),('AGT-226108',226108,'TRI ADRIYAN SYAH',NULL,NULL,'JAKARTA','1993-05-09',NULL,NULL,NULL,NULL,NULL,10,NULL,NULL,NULL,NULL,NULL,NULL,NULL,NULL,NULL,NULL,NULL,NULL),('AGT-226110',226110,'ANGGA MAULANA',NULL,NULL,'KARAWANG','1998-08-17',NULL,NULL,NULL,NULL,NULL,10,NULL,NULL,NULL,NULL,NULL,NULL,NULL,NULL,NULL,NULL,NULL,NULL),('AGT-226111',226111,'IFUNG SAEPULOH',NULL,NULL,'SUBANG','1990-09-14',NULL,NULL,NULL,NULL,NULL,10,NULL,NULL,NULL,NULL,NULL,NULL,NULL,NULL,NULL,NULL,NULL,NULL),('AGT-226112',226112,'MUSTAKIM',NULL,NULL,'BEKASI','1973-04-02',NULL,NULL,NULL,NULL,NULL,10,NULL,NULL,NULL,NULL,NULL,NULL,NULL,NULL,NULL,NULL,NULL,NULL),('AGT-226113',226113,'RIZAL ISWANTO',NULL,NULL,'SUBANG','1992-08-14',NULL,NULL,NULL,NULL,NULL,10,NULL,NULL,NULL,NULL,NULL,NULL,NULL,NULL,NULL,NULL,NULL,NULL),('AGT-226116',226116,'SHYLVANA DEA',NULL,NULL,'KARAWANG','1996-08-09',NULL,NULL,NULL,NULL,NULL,10,NULL,NULL,NULL,NULL,NULL,NULL,NULL,NULL,NULL,NULL,NULL,NULL),('AGT-226117',226117,'WINARTO',NULL,NULL,'JAKARTA','1978-06-28',NULL,NULL,NULL,NULL,NULL,10,NULL,NULL,NULL,NULL,NULL,NULL,NULL,NULL,NULL,NULL,NULL,NULL),('AGT-226118',226118,'MEI LEGUS PUNDOYO',NULL,NULL,'JAKARTA','1982-05-10',NULL,NULL,NULL,NULL,NULL,10,NULL,NULL,NULL,NULL,NULL,NULL,NULL,NULL,NULL,NULL,NULL,NULL),('AGT-226119',226119,'RIDWAN ARIFIN',NULL,NULL,'KARAWANG','1996-06-17',NULL,NULL,NULL,NULL,NULL,10,NULL,NULL,NULL,NULL,NULL,NULL,NULL,NULL,NULL,NULL,NULL,NULL),('AGT-226120',226120,'ENDANG MEME PERMANA',NULL,NULL,'PURWAKARTA','1989-04-02',NULL,NULL,NULL,NULL,NULL,10,NULL,NULL,NULL,NULL,NULL,NULL,NULL,NULL,NULL,NULL,NULL,NULL),('AGT-226121',226121,'NASRUDIN',NULL,NULL,'TEGAL','1985-03-11',NULL,NULL,NULL,NULL,NULL,10,NULL,NULL,NULL,NULL,NULL,NULL,NULL,NULL,NULL,NULL,NULL,NULL),('AGT-226122',226122,'Nopal Handriyana',NULL,NULL,'KARAWANG','1994-03-08',NULL,NULL,NULL,NULL,NULL,10,NULL,NULL,NULL,NULL,NULL,NULL,NULL,NULL,NULL,NULL,NULL,NULL),('AGT-226125',226125,'FAJAR CAHYONO',NULL,NULL,'BEKASI','1987-07-09',NULL,NULL,NULL,NULL,NULL,10,NULL,NULL,NULL,NULL,NULL,NULL,NULL,NULL,NULL,NULL,NULL,NULL),('AGT-226126',226126,'MUHAMAD ARIF MUDAKIR',NULL,NULL,'JAKARTA','1992-02-04',NULL,NULL,NULL,NULL,NULL,10,NULL,NULL,NULL,NULL,NULL,NULL,NULL,NULL,NULL,NULL,NULL,NULL),('AGT-226129',226129,'ROHMAT',NULL,NULL,'JAKARTA','1968-08-20',NULL,NULL,NULL,NULL,NULL,10,NULL,NULL,NULL,NULL,NULL,NULL,NULL,NULL,NULL,NULL,NULL,NULL),('AGT-226130',226130,'IMAM GIRI SANTOSO',NULL,NULL,'TEGAL','1984-11-18',NULL,NULL,NULL,NULL,NULL,10,NULL,NULL,NULL,NULL,NULL,NULL,NULL,NULL,NULL,NULL,NULL,NULL),('AGT-226131',226131,'YUSUF SETIAWAN',NULL,NULL,'PURWOREJO','1997-02-27',NULL,NULL,NULL,NULL,NULL,10,NULL,NULL,NULL,NULL,NULL,NULL,NULL,NULL,NULL,NULL,NULL,NULL),('AGT-226132',226132,'GUSTAMI',NULL,NULL,'SUKABUMI','1998-08-01',NULL,NULL,NULL,NULL,NULL,10,NULL,NULL,NULL,NULL,NULL,NULL,NULL,NULL,NULL,NULL,NULL,NULL),('AGT-226133',226133,'SAEPUDIN HASBULLAH',NULL,NULL,'KARAWANG','1993-02-25',NULL,NULL,NULL,NULL,NULL,10,NULL,NULL,NULL,NULL,NULL,NULL,NULL,NULL,NULL,NULL,NULL,NULL),('AGT-226134',226134,'KIKI ERNAWAN',NULL,NULL,'KARAWANG,','1995-10-11',NULL,NULL,NULL,NULL,NULL,10,NULL,NULL,NULL,NULL,NULL,NULL,NULL,NULL,NULL,NULL,NULL,NULL),('AGT-226137',226137,'JOKO SUSATYO',NULL,NULL,'BOYOLALI','1971-08-13',NULL,NULL,NULL,NULL,NULL,10,NULL,NULL,NULL,NULL,NULL,NULL,NULL,NULL,NULL,NULL,NULL,NULL),('AGT-226139',226139,'MADE SUNARYE',NULL,NULL,'OKU TIMUR','2001-01-05',NULL,NULL,NULL,NULL,NULL,10,NULL,NULL,NULL,NULL,NULL,NULL,NULL,NULL,NULL,NULL,NULL,NULL),('AGT-226141',226141,'AGUS MAULANA',NULL,NULL,'JAKARTA','1988-08-18',NULL,NULL,NULL,NULL,NULL,10,NULL,NULL,NULL,NULL,NULL,NULL,NULL,NULL,NULL,NULL,NULL,NULL),('AGT-226144',226144,'PURWANTORO',NULL,NULL,'KULON PROGO','1982-08-13',NULL,NULL,NULL,NULL,NULL,10,NULL,NULL,NULL,NULL,NULL,NULL,NULL,NULL,NULL,NULL,NULL,NULL),('AGT-226148',226148,'FULGENSIUS LENA',NULL,NULL,'FLORES','1998-01-03',NULL,NULL,NULL,NULL,NULL,10,NULL,NULL,NULL,NULL,NULL,NULL,NULL,NULL,NULL,NULL,NULL,NULL),('AGT-226157',226157,'WAWAN',NULL,NULL,'SUKOHARJO','1986-08-25',NULL,NULL,NULL,NULL,NULL,10,NULL,NULL,NULL,NULL,NULL,NULL,NULL,NULL,NULL,NULL,NULL,NULL),('AGT-226162',226162,'MOHAMMAD IBNU ZAENUDIN',NULL,NULL,'JAKARTA','1996-05-24',NULL,NULL,NULL,NULL,NULL,10,NULL,NULL,NULL,NULL,NULL,NULL,NULL,NULL,NULL,NULL,NULL,NULL),('AGT-226163',226163,'TAKULLAH HIDAYAT',NULL,NULL,'INDRAMAYU','1983-06-29',NULL,NULL,NULL,NULL,NULL,10,NULL,NULL,NULL,NULL,NULL,NULL,NULL,NULL,NULL,NULL,NULL,NULL),('AGT-226171',226171,'ADI KURNIAWAN',NULL,NULL,'PEMALANG','1984-10-14',NULL,NULL,NULL,NULL,NULL,10,NULL,NULL,NULL,NULL,NULL,NULL,NULL,NULL,NULL,NULL,NULL,NULL),('AGT-226175',226175,'EKO SUSANTO',NULL,NULL,'TEGAL','1985-01-30',NULL,NULL,NULL,NULL,NULL,10,NULL,NULL,NULL,NULL,NULL,NULL,NULL,NULL,NULL,NULL,NULL,NULL),('AGT-226176',226176,'IRMAN MIJOYO',NULL,NULL,'BATU BASA PADANG','1990-05-17',NULL,NULL,NULL,NULL,NULL,10,NULL,NULL,NULL,NULL,NULL,NULL,NULL,NULL,NULL,NULL,NULL,NULL),('AGT-226178',226178,'PARIYANTO',NULL,NULL,'LANGKAT','1982-10-24',NULL,NULL,NULL,NULL,NULL,10,NULL,NULL,NULL,NULL,NULL,NULL,NULL,NULL,NULL,NULL,NULL,NULL),('AGT-226180',226180,'TRI ATMOKO',NULL,NULL,'PURWOREJO','1969-08-25',NULL,NULL,NULL,NULL,NULL,10,NULL,NULL,NULL,NULL,NULL,NULL,NULL,NULL,NULL,NULL,NULL,NULL),('AGT-226189',226189,'SUDIRMAN',NULL,NULL,'JAMBI','1984-07-24',NULL,NULL,NULL,NULL,NULL,10,NULL,NULL,NULL,NULL,NULL,NULL,NULL,NULL,NULL,NULL,NULL,NULL),('AGT-226191',226191,'ACHMAD MUHDIYANTO',NULL,NULL,'JAKARTA','1984-05-25',NULL,NULL,NULL,NULL,NULL,10,NULL,NULL,NULL,NULL,NULL,NULL,NULL,NULL,NULL,NULL,NULL,NULL),('AGT-226192',226192,'MABASARI',NULL,NULL,'JAKARTA','1985-01-21',NULL,NULL,NULL,NULL,NULL,10,NULL,NULL,NULL,NULL,NULL,NULL,NULL,NULL,NULL,NULL,NULL,NULL),('AGT-226193',226193,'DWINANTO BAMBANG',NULL,NULL,'JAKARTA','1982-03-16',NULL,NULL,NULL,NULL,NULL,10,NULL,NULL,NULL,NULL,NULL,NULL,NULL,NULL,NULL,NULL,NULL,NULL),('AGT-226194',226194,'SUMARTOYO',NULL,NULL,'PURWOREJO','1968-12-30',NULL,NULL,NULL,NULL,NULL,10,NULL,NULL,NULL,NULL,NULL,NULL,NULL,NULL,NULL,NULL,NULL,NULL),('AGT-226195',226195,'ABDUL MUTI',NULL,NULL,'SERANG','1996-02-13',NULL,NULL,NULL,NULL,NULL,10,NULL,NULL,NULL,NULL,NULL,NULL,NULL,NULL,NULL,NULL,NULL,NULL),('AGT-226197',226197,'AHMAD HIDAYAT',NULL,NULL,'JAKARTA','1984-12-23',NULL,NULL,NULL,NULL,NULL,10,NULL,NULL,NULL,NULL,NULL,NULL,NULL,NULL,NULL,NULL,NULL,NULL),('AGT-226200',226200,'MUSA',NULL,NULL,'JAKARTA','1981-08-10',NULL,NULL,NULL,NULL,NULL,10,NULL,NULL,NULL,NULL,NULL,NULL,NULL,NULL,NULL,NULL,NULL,NULL),('AGT-226201',226201,'MAKUDI',NULL,NULL,'JAKARTA','1981-06-08',NULL,NULL,NULL,NULL,NULL,10,NULL,NULL,NULL,NULL,NULL,NULL,NULL,NULL,NULL,NULL,NULL,NULL),('AGT-226205',226205,'REDI HANDOKO',NULL,NULL,'TERAWAS SUMATRA','1992-12-08',NULL,NULL,NULL,NULL,NULL,10,NULL,NULL,NULL,NULL,NULL,NULL,NULL,NULL,NULL,NULL,NULL,NULL),('AGT-226206',226206,'ADIN SAMSUDIN',NULL,NULL,'BOGOR','1996-12-23',NULL,NULL,NULL,NULL,NULL,10,NULL,NULL,NULL,NULL,NULL,NULL,NULL,NULL,NULL,NULL,NULL,NULL),('AGT-226208',226208,'AHMAD TOHIR',NULL,NULL,'PATI','1975-05-05',NULL,NULL,NULL,NULL,NULL,10,NULL,NULL,NULL,NULL,NULL,NULL,NULL,NULL,NULL,NULL,NULL,NULL),('AGT-226209',226209,'FIRDA YUNI PRATIWI',NULL,NULL,'JAKARTA','1999-06-29',NULL,NULL,NULL,NULL,NULL,10,NULL,NULL,NULL,NULL,NULL,NULL,NULL,NULL,NULL,NULL,NULL,NULL),('AGT-226212',226212,'BUDI PRIYANTO',NULL,NULL,'PEMALANG','1991-02-09',NULL,NULL,NULL,NULL,NULL,10,NULL,NULL,NULL,NULL,NULL,NULL,NULL,NULL,NULL,NULL,NULL,NULL),('AGT-226215',226215,'ARIF DWI ISDIYANTO',NULL,NULL,'SEMARANG','1982-10-17',NULL,NULL,NULL,NULL,NULL,10,NULL,NULL,NULL,NULL,NULL,NULL,NULL,NULL,NULL,NULL,NULL,NULL),('AGT-226219',226219,'CAHYA SEMBADA',NULL,NULL,'PURBALINGGA','1985-05-18',NULL,NULL,NULL,NULL,NULL,10,NULL,NULL,NULL,NULL,NULL,NULL,NULL,NULL,NULL,NULL,NULL,NULL),('AGT-226224',226224,'ROMA DENI',NULL,NULL,'JAKARTA','1986-06-03',NULL,NULL,NULL,NULL,NULL,10,NULL,NULL,NULL,NULL,NULL,NULL,NULL,NULL,NULL,NULL,NULL,NULL),('AGT-226226',226226,'BUNTARAM SUGIARTO',NULL,NULL,'LAMPUNG','1979-10-18',NULL,NULL,NULL,NULL,NULL,10,NULL,NULL,NULL,NULL,NULL,NULL,NULL,NULL,NULL,NULL,NULL,NULL),('AGT-226229',226229,'MULIDIN',NULL,NULL,'BEKASI','1988-06-08',NULL,NULL,NULL,NULL,NULL,10,NULL,NULL,NULL,NULL,NULL,NULL,NULL,NULL,NULL,NULL,NULL,NULL),('AGT-226231',226231,'AGUNG LAKSONO',NULL,NULL,'JAKARTA','1987-07-02',NULL,NULL,NULL,NULL,NULL,10,NULL,NULL,NULL,NULL,NULL,NULL,NULL,NULL,NULL,NULL,NULL,NULL),('AGT-226235',226235,'MAHMUD SAEROJI',NULL,NULL,'LEBAK','1990-08-27',NULL,NULL,NULL,NULL,NULL,10,NULL,NULL,NULL,NULL,NULL,NULL,NULL,NULL,NULL,NULL,NULL,NULL),('AGT-226238',226238,'M. RAMDHANI BUDI N',NULL,NULL,'JAKARTA','2001-11-30',NULL,NULL,NULL,NULL,NULL,10,NULL,NULL,NULL,NULL,NULL,NULL,NULL,NULL,NULL,NULL,NULL,NULL),('AGT-226298',226298,'ARMANDA APRILSEN GINTING',NULL,NULL,'SUMATRA UTARA','2001-04-22',NULL,NULL,NULL,NULL,NULL,10,NULL,NULL,NULL,NULL,NULL,NULL,NULL,NULL,NULL,NULL,NULL,NULL),('AGT-226330',226330,'ENDANG KUSMAWAN',NULL,NULL,'SUMEDANG','1985-12-08',NULL,NULL,NULL,NULL,NULL,10,NULL,NULL,NULL,NULL,NULL,NULL,NULL,NULL,NULL,NULL,NULL,NULL),('AGT-226331',226331,'NISROTUN NABILLA',NULL,NULL,'BANYUWANGI','1999-05-18',NULL,NULL,NULL,NULL,NULL,10,NULL,NULL,NULL,NULL,NULL,NULL,NULL,NULL,NULL,NULL,NULL,NULL),('AGT-226335',226335,'BAYU PAMUNGKAS',NULL,NULL,'SRAGEN','1995-11-14',NULL,NULL,NULL,NULL,NULL,10,NULL,NULL,NULL,NULL,NULL,NULL,NULL,NULL,NULL,NULL,NULL,NULL),('AGT-226336',226336,'FEBRIYANA',NULL,NULL,'PANDEGLANG','1996-02-23',NULL,NULL,NULL,NULL,NULL,10,NULL,NULL,NULL,NULL,NULL,NULL,NULL,NULL,NULL,NULL,NULL,NULL),('AGT-226337',226337,'HUSAIN ISMAIL',NULL,NULL,'BIMA','1985-06-11',NULL,NULL,NULL,NULL,NULL,10,NULL,NULL,NULL,NULL,NULL,NULL,NULL,NULL,NULL,NULL,NULL,NULL),('AGT-226338',226338,'JUNAIDI',NULL,NULL,'JAKARTA','1984-08-29',NULL,NULL,NULL,NULL,NULL,10,NULL,NULL,NULL,NULL,NULL,NULL,NULL,NULL,NULL,NULL,NULL,NULL),('AGT-226342',226342,'AGUS DONY ARIYANTO',NULL,NULL,'NGAWI','1983-08-14',NULL,NULL,NULL,NULL,NULL,10,NULL,NULL,NULL,NULL,NULL,NULL,NULL,NULL,NULL,NULL,NULL,NULL),('AGT-226343',226343,'DEDI KURNIAWAN',NULL,NULL,'JAKARTA','1982-12-27',NULL,NULL,NULL,NULL,NULL,10,NULL,NULL,NULL,NULL,NULL,NULL,NULL,NULL,NULL,NULL,NULL,NULL),('AGT-226344',226344,'KAMAL MANSYUR',NULL,NULL,'JAKARTA','1985-01-31',NULL,NULL,NULL,NULL,NULL,10,NULL,NULL,NULL,NULL,NULL,NULL,NULL,NULL,NULL,NULL,NULL,NULL),('AGT-226345',226345,'RIAN RAHMAT',NULL,NULL,'JAKARTA','1993-01-15',NULL,NULL,NULL,NULL,NULL,10,NULL,NULL,NULL,NULL,NULL,NULL,NULL,NULL,NULL,NULL,NULL,NULL),('AGT-226516',226516,'Pri Astuti',NULL,NULL,'PANCUR','1989-08-09',NULL,NULL,NULL,NULL,NULL,10,NULL,NULL,NULL,NULL,NULL,NULL,NULL,NULL,NULL,NULL,NULL,NULL),('AGT-226869',226869,'MURTIA APRILIANI SYAH',NULL,NULL,'JAKARTA','2000-04-24',NULL,NULL,NULL,NULL,NULL,10,NULL,NULL,NULL,NULL,NULL,NULL,NULL,NULL,NULL,NULL,NULL,NULL),('AGT-226872',226872,'HASAN HARIRI',NULL,NULL,'PURWAKARTA','2002-07-03',NULL,NULL,NULL,NULL,NULL,10,NULL,NULL,NULL,NULL,NULL,NULL,NULL,NULL,NULL,NULL,NULL,NULL),('AGT-227462',227462,'FAJAR SETIAWAN',NULL,NULL,'SUBANG','1998-01-31',NULL,NULL,NULL,NULL,NULL,10,NULL,NULL,NULL,NULL,NULL,NULL,NULL,NULL,NULL,NULL,NULL,NULL),('sip-987654',987654,'Murry Febriansyah Putra',NULL,NULL,NULL,NULL,NULL,NULL,NULL,NULL,NULL,10,NULL,NULL,NULL,NULL,NULL,NULL,NULL,NULL,NULL,NULL,NULL,NULL);

/*Table structure for table `danru` */

DROP TABLE IF EXISTS `danru`;

CREATE TABLE `danru` (
  `id_danru` varchar(25) NOT NULL,
  `nama` varchar(100) DEFAULT NULL,
  `id_akun` varchar(25) DEFAULT NULL,
  `id_biodata` varchar(25) DEFAULT NULL,
  `id_employe` varchar(25) DEFAULT NULL,
  PRIMARY KEY (`id_danru`),
  UNIQUE KEY `id_akun` (`id_akun`),
  UNIQUE KEY `id_biodata` (`id_biodata`),
  UNIQUE KEY `id_employe` (`id_employe`)
) ENGINE=InnoDB DEFAULT CHARSET=utf8mb4;

/*Data for the table `danru` */

/*Table structure for table `employee` */

DROP TABLE IF EXISTS `employee`;

CREATE TABLE `employee` (
  `id_employee` varchar(25) NOT NULL,
  `npk` int(6) NOT NULL,
  `no_kta` varchar(100) DEFAULT NULL,
  `expired_kta` date DEFAULT NULL,
  `jabatan` varchar(100) DEFAULT NULL,
  `status_anggota` varchar(100) DEFAULT NULL,
  `status_kta` varchar(100) DEFAULT NULL,
  `area_kerja` varchar(100) DEFAULT NULL,
  `wilayah` varchar(100) DEFAULT NULL,
  `tgl_masuk_sigap` date DEFAULT NULL,
  `tgl_masuk_adm` date DEFAULT NULL,
  PRIMARY KEY (`id_employee`)
) ENGINE=InnoDB DEFAULT CHARSET=utf8mb4;

/*Data for the table `employee` */

insert  into `employee`(`id_employee`,`npk`,`no_kta`,`expired_kta`,`jabatan`,`status_anggota`,`status_kta`,`area_kerja`,`wilayah`,`tgl_masuk_sigap`,`tgl_masuk_adm`) values ('AGT-103233',103233,NULL,NULL,'ANGGOTA','ANGGOTA AKTIF',NULL,'P1','WIL 2','1991-07-07','1991-01-01'),('AGT-103311',103311,NULL,NULL,'ANGGOTA','ANGGOTA AKTIF',NULL,'PC','WIL 3','1999-07-01','1999-01-07'),('AGT-216080',216080,NULL,NULL,'ANGGOTA','ANGGOTA AKTIF',NULL,'P4','WIL 1','2018-08-01','2010-05-10'),('AGT-225668',225668,NULL,NULL,'ANGGOTA','ANGGOTA AKTIF',NULL,'DOR','WIL 3','2021-02-21','2021-02-21'),('AGT-225685',225685,NULL,NULL,'ANGGOTA','ANGGOTA AKTIF',NULL,'DOR','WIL 3','2020-02-21','2020-02-21'),('AGT-225711',225711,NULL,NULL,'ANGGOTA','ANGGOTA AKTIF',NULL,'P2','WIL 3','2007-01-01','2006-06-01'),('AGT-225723',225723,NULL,NULL,'ANGGOTA','ANGGOTA AKTIF',NULL,'PC','WIL 3','1996-10-01','2002-07-01'),('AGT-225724',225724,NULL,NULL,'ANGGOTA','ANGGOTA AKTIF',NULL,'PC','WIL 3','1998-08-24','2002-07-01'),('AGT-225725',225725,NULL,NULL,'ANGGOTA','ANGGOTA AKTIF',NULL,'PC','WIL 3','2007-10-03','2007-10-03'),('AGT-225726',225726,NULL,NULL,'ANGGOTA','ANGGOTA AKTIF',NULL,'PC','WIL 3','2007-08-16','2007-07-15'),('AGT-225727',225727,NULL,NULL,'ANGGOTA','ANGGOTA AKTIF',NULL,'PC','WIL 3','2007-08-16','2007-07-15'),('AGT-225728',225728,NULL,NULL,'ANGGOTA','ANGGOTA AKTIF',NULL,'PC','WIL 3','2006-02-16','2006-02-15'),('AGT-225729',225729,NULL,NULL,'ANGGOTA','ANGGOTA AKTIF',NULL,'PC','WIL 3','2012-03-01','2012-03-01'),('AGT-225730',225730,NULL,NULL,'ANGGOTA','ANGGOTA AKTIF',NULL,'PC','WIL 3','2016-05-01','2016-05-01'),('AGT-225731',225731,NULL,NULL,'ANGGOTA','ANGGOTA AKTIF',NULL,'PC','WIL 3','2016-11-22','2016-08-19'),('AGT-225732',225732,NULL,NULL,'ANGGOTA','ANGGOTA AKTIF',NULL,'PC','WIL 3','2016-10-11','2016-11-10'),('AGT-225733',225733,NULL,NULL,'ANGGOTA','ANGGOTA AKTIF',NULL,'PC','WIL 3','2016-10-11','2016-10-10'),('AGT-225734',225734,NULL,NULL,'ANGGOTA','ANGGOTA AKTIF',NULL,'P2','WIL 3','2016-10-01','2016-09-30'),('AGT-225735',225735,NULL,NULL,'ANGGOTA','ANGGOTA AKTIF',NULL,'PC','WIL 3','2017-06-11','2017-05-21'),('AGT-225736',225736,NULL,NULL,'ANGGOTA','ANGGOTA AKTIF',NULL,'PC','WIL 3','2017-11-08','2017-10-16'),('AGT-225737',225737,NULL,NULL,'ANGGOTA','ANGGOTA AKTIF',NULL,'PC','WIL 3','2017-11-01','2017-10-30'),('AGT-225738',225738,NULL,NULL,'ANGGOTA','ANGGOTA AKTIF',NULL,'PC','WIL 3','2018-12-01','2018-10-26'),('AGT-225741',225741,NULL,NULL,'ANGGOTA','ANGGOTA AKTIF',NULL,'PC','WIL 3','2008-06-01','2007-10-01'),('AGT-225743',225743,NULL,NULL,'ANGGOTA','ANGGOTA AKTIF',NULL,'PC','WIL 3','2015-07-22','2015-07-22'),('AGT-225744',225744,NULL,NULL,'ANGGOTA','ANGGOTA AKTIF',NULL,'PC','WIL 3','2020-03-31','2019-11-25'),('AGT-225745',225745,NULL,NULL,'ANGGOTA','ANGGOTA AKTIF',NULL,'P2','WIL 3','2020-04-01','2020-01-31'),('AGT-225746',225746,NULL,NULL,'ANGGOTA','ANGGOTA AKTIF',NULL,'P3','WIL 3','2021-02-04','2021-02-25'),('AGT-225794',225794,NULL,NULL,'ANGGOTA','ANGGOTA AKTIF',NULL,'P4','WIL 1','2021-03-03','2021-03-03'),('AGT-225805',225805,NULL,NULL,'ANGGOTA','ANGGOTA AKTIF',NULL,'P1','WIL 2','2016-11-16','2014-11-17'),('AGT-225807',225807,NULL,NULL,'ANGGOTA','ANGGOTA AKTIF',NULL,'P4','WIL 1','2012-01-24','2011-02-02'),('AGT-225808',225808,NULL,NULL,'ANGGOTA','ANGGOTA AKTIF',NULL,'P4','WIL 1','2010-08-18','2010-07-28'),('AGT-225810',225810,NULL,NULL,'ANGGOTA','ANGGOTA AKTIF',NULL,'HO','WIL 2','2020-04-25','2020-03-20'),('AGT-225814',225814,NULL,NULL,'ANGGOTA','ANGGOTA AKTIF',NULL,'P4','WIL 1','2009-01-05','2008-12-01'),('AGT-225816',225816,NULL,NULL,'ANGGOTA','ANGGOTA AKTIF',NULL,'P4','WIL 1','2015-08-19','2015-10-19'),('AGT-225817',225817,NULL,NULL,'ANGGOTA','ANGGOTA AKTIF',NULL,'P1','WIL 1','2010-01-09','2010-01-08'),('AGT-225818',225818,NULL,NULL,'ANGGOTA','ANGGOTA AKTIF',NULL,'P4','WIL 1','2009-01-05','2008-12-01'),('AGT-225819',225819,NULL,NULL,'ANGGOTA','ANGGOTA AKTIF',NULL,'HO','WIL 2','2016-10-10','2016-09-08'),('AGT-225820',225820,NULL,NULL,'ANGGOTA','ANGGOTA AKTIF',NULL,'P4','WIL 1','2018-08-09','2017-12-22'),('AGT-225823',225823,NULL,NULL,'ANGGOTA','ANGGOTA AKTIF',NULL,'VLC','WIL 2','2014-12-14','2009-02-02'),('AGT-225827',225827,NULL,NULL,'ANGGOTA','ANGGOTA AKTIF',NULL,'P4','WIL 1','2014-09-01','2014-03-03'),('AGT-225828',225828,NULL,NULL,'ANGGOTA','ANGGOTA AKTIF',NULL,'P4','WIL 1','2007-08-01','2007-07-01'),('AGT-225832',225832,NULL,NULL,'ANGGOTA','ANGGOTA AKTIF',NULL,'P4','WIL 1','2016-02-01','2015-12-27'),('AGT-225833',225833,NULL,NULL,'ANGGOTA','ANGGOTA AKTIF',NULL,'P4','WIL 1','2011-02-01','2010-12-28'),('AGT-225834',225834,NULL,NULL,'ANGGOTA','ANGGOTA AKTIF',NULL,'P4','WIL 1','2008-07-15','2008-06-15'),('AGT-225835',225835,NULL,NULL,'ANGGOTA','ANGGOTA AKTIF',NULL,'P4','WIL 1','2010-01-01','2009-10-27'),('AGT-225836',225836,NULL,NULL,'ANGGOTA','ANGGOTA AKTIF',NULL,'P1','WIL 2','2019-07-02','2019-06-15'),('AGT-225837',225837,NULL,NULL,'ANGGOTA','ANGGOTA AKTIF',NULL,'P4','WIL 1','2011-07-30','2011-07-30'),('AGT-225838',225838,NULL,NULL,'ANGGOTA','ANGGOTA AKTIF',NULL,'P4','WIL 1','2012-05-28','2012-01-13'),('AGT-225839',225839,NULL,NULL,'ANGGOTA','ANGGOTA AKTIF',NULL,'P4','WIL 1','2016-05-01','2016-04-01'),('AGT-225840',225840,NULL,NULL,'ANGGOTA','ANGGOTA AKTIF',NULL,'HO','WIL 2','2020-04-01','2018-10-01'),('AGT-225841',225841,NULL,NULL,'ANGGOTA','ANGGOTA AKTIF',NULL,'HO','WIL 2','2011-04-05','2011-04-04'),('AGT-225843',225843,NULL,NULL,'ANGGOTA','ANGGOTA AKTIF',NULL,'P4','WIL 1','2013-11-15','2013-11-01'),('AGT-225844',225844,NULL,NULL,'ANGGOTA','ANGGOTA AKTIF',NULL,'P4','WIL 1','2018-10-06','2018-10-06'),('AGT-225845',225845,NULL,NULL,'ANGGOTA','ANGGOTA AKTIF',NULL,'P1','WIL 2','2017-10-18','2017-11-01'),('AGT-225846',225846,NULL,NULL,'ANGGOTA','ANGGOTA AKTIF',NULL,'P4','WIL 1','2019-07-02','2019-07-02'),('AGT-225847',225847,NULL,NULL,'ANGGOTA','ANGGOTA AKTIF',NULL,'P4','WIL 1','2011-01-09','2010-12-23'),('AGT-225849',225849,NULL,NULL,'ANGGOTA','ANGGOTA AKTIF',NULL,'P4','WIL 1','2010-12-01','2010-11-01'),('AGT-225850',225850,NULL,NULL,'ANGGOTA','ANGGOTA AKTIF',NULL,'P4','WIL 1','2009-09-21','2007-09-21'),('AGT-225851',225851,NULL,NULL,'ANGGOTA','ANGGOTA AKTIF',NULL,'P4','WIL 1','2010-01-01','2008-04-19'),('AGT-225856',225856,NULL,NULL,'ANGGOTA','ANGGOTA AKTIF',NULL,'VLC','WIL 2','2016-02-01','2013-05-01'),('AGT-225858',225858,NULL,NULL,'ANGGOTA','ANGGOTA AKTIF',NULL,'HO','WIL 2','2016-02-05','2013-05-10'),('AGT-225859',225859,NULL,NULL,'ANGGOTA','ANGGOTA AKTIF',NULL,'P4','WIL 1','2016-04-01','2016-03-17'),('AGT-225860',225860,NULL,NULL,'ANGGOTA','ANGGOTA AKTIF',NULL,'P4','WIL 1','2011-08-02','2010-12-20'),('AGT-225861',225861,NULL,NULL,'ANGGOTA','ANGGOTA AKTIF',NULL,'P4','WIL 1','2016-02-01','2016-01-10'),('AGT-225862',225862,NULL,NULL,'ANGGOTA','ANGGOTA AKTIF',NULL,'P1','WIL 2','2016-09-30','2016-09-28'),('AGT-225863',225863,NULL,NULL,'ANGGOTA','ANGGOTA AKTIF',NULL,'HO','WIL 2','2017-01-01','2016-12-26'),('AGT-225864',225864,NULL,NULL,'ANGGOTA','ANGGOTA AKTIF',NULL,'P1','WIL 2','2015-10-06','2015-10-06'),('AGT-225865',225865,NULL,NULL,'ANGGOTA','ANGGOTA AKTIF',NULL,'P4','WIL 1','2019-03-01','2019-02-14'),('AGT-225867',225867,NULL,NULL,'ANGGOTA','ANGGOTA AKTIF',NULL,'P4','WIL 1','2012-09-25','2012-09-20'),('AGT-225869',225869,NULL,NULL,'ANGGOTA','ANGGOTA AKTIF',NULL,'HO','WIL 2','2017-06-01','2017-03-21'),('AGT-225872',225872,NULL,NULL,'ANGGOTA','ANGGOTA AKTIF',NULL,'VLC','WIL 2','2009-05-10','2006-08-17'),('AGT-225873',225873,NULL,NULL,'ANGGOTA','ANGGOTA AKTIF',NULL,'P4','WIL 1','2020-09-10','2020-09-07'),('AGT-225875',225875,NULL,NULL,'ANGGOTA','ANGGOTA AKTIF',NULL,'VLC','WIL 2','2021-01-02','2020-12-01'),('AGT-225876',225876,NULL,NULL,'ANGGOTA','ANGGOTA AKTIF',NULL,'P4','WIL 1','2007-01-08','2006-12-01'),('AGT-225877',225877,NULL,NULL,'ANGGOTA','ANGGOTA AKTIF',NULL,'P4','WIL 1','2016-09-30','2016-08-05'),('AGT-225878',225878,NULL,NULL,'ANGGOTA','ANGGOTA AKTIF',NULL,'P1','WIL 2','2018-04-04','2018-03-01'),('AGT-225880',225880,NULL,NULL,'ANGGOTA','ANGGOTA AKTIF',NULL,'P4','WIL 1','2004-11-01','2004-08-01'),('AGT-225882',225882,NULL,NULL,'ANGGOTA','ANGGOTA AKTIF',NULL,'P4','WIL 1','2012-12-28','2012-11-01'),('AGT-225884',225884,NULL,NULL,'ANGGOTA','ANGGOTA AKTIF',NULL,'P4','WIL 1','2015-01-01','2016-02-01'),('AGT-225885',225885,NULL,NULL,'ANGGOTA','ANGGOTA AKTIF',NULL,'P4','WIL 1','2016-05-01','2016-04-01'),('AGT-225886',225886,NULL,NULL,'ANGGOTA','ANGGOTA AKTIF',NULL,'P4','WIL 1','2011-03-28','2011-03-15'),('AGT-225887',225887,NULL,NULL,'ANGGOTA','ANGGOTA AKTIF',NULL,'P4','WIL 1','2018-10-08','2018-09-18'),('AGT-225888',225888,NULL,NULL,'ANGGOTA','ANGGOTA AKTIF',NULL,'P4','WIL 1','2013-11-11','2013-08-10'),('AGT-225889',225889,NULL,NULL,'ANGGOTA','ANGGOTA AKTIF',NULL,'P4','WIL 1','2007-08-16','2007-07-14'),('AGT-225890',225890,NULL,NULL,'ANGGOTA','ANGGOTA AKTIF',NULL,'P1','WIL 2','2017-01-09','2016-12-29'),('AGT-225891',225891,NULL,NULL,'ANGGOTA','ANGGOTA AKTIF',NULL,'VLC','WIL 2','2009-09-09','2009-08-01'),('AGT-225892',225892,NULL,NULL,'ANGGOTA','ANGGOTA AKTIF',NULL,'P4','WIL 1','2012-07-05','2011-11-15'),('AGT-225893',225893,NULL,NULL,'ANGGOTA','ANGGOTA AKTIF',NULL,'P4','WIL 1','2007-10-01','2007-08-01'),('AGT-225894',225894,NULL,NULL,'ANGGOTA','ANGGOTA AKTIF',NULL,'P4','WIL 1','2019-04-06','2019-03-06'),('AGT-225895',225895,NULL,NULL,'ANGGOTA','ANGGOTA AKTIF',NULL,'HO','WIL 2','2016-05-01','2016-04-01'),('AGT-225896',225896,NULL,NULL,'ANGGOTA','ANGGOTA AKTIF',NULL,'P4','WIL 1','2013-06-03','2012-05-20'),('AGT-225897',225897,NULL,NULL,'ANGGOTA','ANGGOTA AKTIF',NULL,'P4','WIL 1','2018-02-20','2018-01-01'),('AGT-225899',225899,NULL,NULL,'ANGGOTA','ANGGOTA AKTIF',NULL,'P4','WIL 1','2008-02-06','2008-01-01'),('AGT-225900',225900,NULL,NULL,'ANGGOTA','ANGGOTA AKTIF',NULL,'P4','WIL 1','2020-11-12','2020-11-12'),('AGT-225901',225901,NULL,NULL,'ANGGOTA','ANGGOTA AKTIF',NULL,'P4','WIL 1','2020-09-27','2020-09-10'),('AGT-225902',225902,NULL,NULL,'ANGGOTA','ANGGOTA AKTIF',NULL,'P1','WIL 2','2019-05-31','2019-05-31'),('AGT-225903',225903,NULL,NULL,'ANGGOTA','ANGGOTA AKTIF',NULL,'P4','WIL 1','2011-03-08','2011-02-26'),('AGT-225904',225904,NULL,NULL,'ANGGOTA','ANGGOTA AKTIF',NULL,'P4','WIL 1','2019-02-10','2019-01-31'),('AGT-225905',225905,NULL,NULL,'ANGGOTA','ANGGOTA AKTIF',NULL,'P4','WIL 1','2007-10-16','2007-09-16'),('AGT-225906',225906,NULL,NULL,'ANGGOTA','ANGGOTA AKTIF',NULL,'P4','WIL 1','2019-03-04','2019-02-28'),('AGT-225907',225907,NULL,NULL,'ANGGOTA','ANGGOTA AKTIF',NULL,'P1','WIL 2','2009-11-04','2009-02-01'),('AGT-225908',225908,NULL,NULL,'ANGGOTA','ANGGOTA AKTIF',NULL,'P4','WIL 1','2013-07-27','2012-01-31'),('AGT-225909',225909,NULL,NULL,'ANGGOTA','ANGGOTA AKTIF',NULL,'P4','WIL 1','2018-04-05','2018-04-04'),('AGT-225911',225911,NULL,NULL,'ANGGOTA','ANGGOTA AKTIF',NULL,'HO','WIL 2','2016-02-01','2016-01-05'),('AGT-225912',225912,NULL,NULL,'ANGGOTA','ANGGOTA AKTIF',NULL,'P4','WIL 1','2011-03-01','2010-10-09'),('AGT-225914',225914,NULL,NULL,'ANGGOTA','ANGGOTA AKTIF',NULL,'HO','WIL 2','2017-01-23','2017-01-10'),('AGT-225916',225916,NULL,NULL,'ANGGOTA','ANGGOTA AKTIF',NULL,'HO','WIL 2','2010-08-01','2010-07-01'),('AGT-225917',225917,NULL,NULL,'ANGGOTA','ANGGOTA AKTIF',NULL,'VLC','WIL 2','2017-08-08','2017-06-15'),('AGT-225919',225919,NULL,NULL,'ANGGOTA','ANGGOTA AKTIF',NULL,'P4','WIL 1','2012-04-04','2011-09-22'),('AGT-225921',225921,NULL,NULL,'ANGGOTA','ANGGOTA AKTIF',NULL,'VLC','WIL 2','2016-01-08','2015-01-08'),('AGT-225922',225922,NULL,NULL,'ANGGOTA','ANGGOTA AKTIF',NULL,'P1','WIL 2','2018-09-04','2018-04-02'),('AGT-225923',225923,NULL,NULL,'ANGGOTA','ANGGOTA AKTIF',NULL,'HO','WIL 2','2016-05-02','2016-05-01'),('AGT-225924',225924,NULL,NULL,'ANGGOTA','ANGGOTA AKTIF',NULL,'P4','WIL 1','2018-08-05','2018-07-22'),('AGT-225926',225926,NULL,NULL,'ANGGOTA','ANGGOTA AKTIF',NULL,'P4','WIL 1','2005-07-01','2005-06-29'),('AGT-225927',225927,NULL,NULL,'ANGGOTA','ANGGOTA AKTIF',NULL,'P4','WIL 1','2008-01-01','2007-12-01'),('AGT-225928',225928,NULL,NULL,'ANGGOTA','ANGGOTA AKTIF',NULL,'VLC','WIL 2','2010-11-01','2010-10-01'),('AGT-225931',225931,NULL,NULL,'ANGGOTA','ANGGOTA AKTIF',NULL,'P4','WIL 1','2002-12-16','2002-03-16'),('AGT-225932',225932,NULL,NULL,'ANGGOTA','ANGGOTA AKTIF',NULL,'HO','WIL 2','2007-12-03','2007-10-25'),('AGT-225933',225933,NULL,NULL,'ANGGOTA','ANGGOTA AKTIF',NULL,'VLC','WIL 2','2012-10-02','2006-03-01'),('AGT-225934',225934,NULL,NULL,'ANGGOTA','ANGGOTA AKTIF',NULL,'P4','WIL 1','2010-08-18','2010-06-28'),('AGT-225935',225935,NULL,NULL,'ANGGOTA','ANGGOTA AKTIF',NULL,'VLC','WIL 2','2010-10-01','2010-09-01'),('AGT-225936',225936,NULL,NULL,'ANGGOTA','ANGGOTA AKTIF',NULL,'P4','WIL 1','2006-01-06','2005-12-01'),('AGT-225937',225937,NULL,NULL,'ANGGOTA','ANGGOTA AKTIF',NULL,'HO','WIL 2','2011-03-11','2011-02-15'),('AGT-225938',225938,NULL,NULL,'ANGGOTA','ANGGOTA AKTIF',NULL,'HO','WIL 2','2021-02-01','2020-12-03'),('AGT-225939',225939,NULL,NULL,'ANGGOTA','ANGGOTA AKTIF',NULL,'HO','WIL 2','2013-11-01','2013-10-01'),('AGT-225940',225940,NULL,NULL,'ANGGOTA','ANGGOTA AKTIF',NULL,'HO','WIL 2','2007-08-17','2007-07-01'),('AGT-225941',225941,NULL,NULL,'ANGGOTA','ANGGOTA AKTIF',NULL,'VLC','WIL 2','2015-02-09','2015-02-13'),('AGT-225942',225942,NULL,NULL,'ANGGOTA','ANGGOTA AKTIF',NULL,'P4','WIL 1','2007-08-17','2007-07-01'),('AGT-225943',225943,NULL,NULL,'ANGGOTA','ANGGOTA AKTIF',NULL,'VLC','WIL 2','2017-08-29','2017-08-10'),('AGT-225944',225944,NULL,NULL,'ANGGOTA','ANGGOTA AKTIF',NULL,'P4','WIL 1','2011-01-05','2008-09-30'),('AGT-225946',225946,NULL,NULL,'ANGGOTA','ANGGOTA AKTIF',NULL,'P4','WIL 1','2009-01-05','2009-05-01'),('AGT-225947',225947,NULL,NULL,'ANGGOTA','ANGGOTA AKTIF',NULL,'P1','WIL 2','2009-04-03','2009-02-10'),('AGT-225959',225959,NULL,NULL,'ANGGOTA','ANGGOTA AKTIF',NULL,'HO','WIL 2','2020-04-01','2017-12-15'),('AGT-225962',225962,NULL,NULL,'ANGGOTA','ANGGOTA AKTIF',NULL,'P4','WIL 1','2009-08-20','2007-03-19'),('AGT-225963',225963,NULL,NULL,'ANGGOTA','ANGGOTA AKTIF',NULL,'P4','WIL 1','2010-02-05','2009-10-05'),('AGT-225964',225964,NULL,NULL,'ANGGOTA','ANGGOTA AKTIF',NULL,'HO','WIL 2','2019-02-10','2019-02-04'),('AGT-225965',225965,NULL,NULL,'ANGGOTA','ANGGOTA AKTIF',NULL,'P4','WIL 1','2006-10-25','2004-08-21'),('AGT-225966',225966,NULL,NULL,'ANGGOTA','ANGGOTA AKTIF',NULL,'P4','WIL 1','2011-11-30','2011-07-31'),('AGT-225967',225967,NULL,NULL,'ANGGOTA','ANGGOTA AKTIF',NULL,'P4','WIL 1','2012-04-04','2012-03-01'),('AGT-225968',225968,NULL,NULL,'ANGGOTA','ANGGOTA AKTIF',NULL,'P4','WIL 1','2017-11-01','2017-10-31'),('AGT-225969',225969,NULL,NULL,'ANGGOTA','ANGGOTA AKTIF',NULL,'VLC','WIL 2','2015-03-01','2016-04-30'),('AGT-225976',225976,NULL,NULL,'ANGGOTA','ANGGOTA AKTIF',NULL,'P5','WIL 4','2012-07-01','2011-07-01'),('AGT-225978',225978,NULL,NULL,'ANGGOTA','ANGGOTA AKTIF',NULL,'P2','WIL 3','2012-04-01','2012-02-23'),('AGT-225980',225980,NULL,NULL,'ANGGOTA','ANGGOTA AKTIF',NULL,'P5','WIL 4','2010-05-21','2010-04-05'),('AGT-225982',225982,NULL,NULL,'ANGGOTA','ANGGOTA AKTIF',NULL,'P5','WIL 4','2012-05-15','2012-04-01'),('AGT-225984',225984,NULL,NULL,'ANGGOTA','ANGGOTA AKTIF',NULL,'P3','WIL 3','2014-09-14','2014-09-14'),('AGT-225988',225988,NULL,NULL,'ANGGOTA','ANGGOTA AKTIF',NULL,'P4','WIL 1','2021-02-11','2021-02-11'),('AGT-225989',225989,NULL,NULL,'ANGGOTA','ANGGOTA AKTIF',NULL,'P5','WIL 4','2009-12-29','2009-07-09'),('AGT-225990',225990,NULL,NULL,'ANGGOTA','ANGGOTA AKTIF',NULL,'P1','WIL 2','2015-10-15','2011-10-15'),('AGT-225993',225993,NULL,NULL,'ANGGOTA','ANGGOTA AKTIF',NULL,'P1','WIL 2','2017-01-23','2017-01-23'),('AGT-225996',225996,NULL,NULL,'ANGGOTA','ANGGOTA AKTIF',NULL,'P5','WIL 4','2015-03-07','2015-02-14'),('AGT-225997',225997,NULL,NULL,'ANGGOTA','ANGGOTA AKTIF',NULL,'P1','WIL 2','2016-02-10','2012-11-05'),('AGT-225999',225999,NULL,NULL,'ANGGOTA','ANGGOTA AKTIF',NULL,'P2','WIL 3','2012-05-08','2012-04-10'),('AGT-226001',226001,NULL,NULL,'ANGGOTA','ANGGOTA AKTIF',NULL,'P1','WIL 2','2020-09-27','2020-09-01'),('AGT-226002',226002,NULL,NULL,'ANGGOTA','ANGGOTA AKTIF',NULL,'P5','WIL 4','2014-12-01','2014-11-11'),('AGT-226003',226003,NULL,NULL,'ANGGOTA','ANGGOTA AKTIF',NULL,'P5','WIL 4','2014-08-25','2014-07-22'),('AGT-226005',226005,NULL,NULL,'ANGGOTA','ANGGOTA AKTIF',NULL,'P3','WIL 3','2006-01-04','2012-03-01'),('AGT-226007',226007,NULL,NULL,'ANGGOTA','ANGGOTA AKTIF',NULL,'P5','WIL 4','2012-02-04','2012-01-19'),('AGT-226009',226009,NULL,NULL,'ANGGOTA','ANGGOTA AKTIF',NULL,'P5','WIL 4','2015-09-15','2011-10-01'),('AGT-226010',226010,NULL,NULL,'ANGGOTA','ANGGOTA AKTIF',NULL,'P5','WIL 4','2010-06-06','2009-10-04'),('AGT-226013',226013,NULL,NULL,'ANGGOTA','ANGGOTA AKTIF',NULL,'P4','WIL 1','2009-01-05','2008-12-01'),('AGT-226014',226014,NULL,NULL,'ANGGOTA','ANGGOTA AKTIF',NULL,'P4','WIL 1','2011-05-27','2011-03-11'),('AGT-226017',226017,NULL,NULL,'ANGGOTA','ANGGOTA AKTIF',NULL,'P1','WIL 2','2007-08-17','2007-07-18'),('AGT-226018',226018,NULL,NULL,'ANGGOTA','ANGGOTA AKTIF',NULL,'P5','WIL 4','2009-11-22','2009-09-01'),('AGT-226019',226019,NULL,NULL,'ANGGOTA','ANGGOTA AKTIF',NULL,'VLC','WIL 2','2017-08-03','2017-06-01'),('AGT-226021',226021,NULL,NULL,'ANGGOTA','ANGGOTA AKTIF',NULL,'P4','WIL 1','2019-09-13','2017-07-01'),('AGT-226022',226022,NULL,NULL,'ANGGOTA','ANGGOTA AKTIF',NULL,'P5','WIL 4','2015-09-01','2015-08-01'),('AGT-226023',226023,NULL,NULL,'ANGGOTA','ANGGOTA AKTIF',NULL,'P4','WIL 1','2021-02-08','2021-02-08'),('AGT-226024',226024,NULL,NULL,'ANGGOTA','ANGGOTA AKTIF',NULL,'P2','WIL 3','2012-03-31','2010-04-09'),('AGT-226025',226025,NULL,NULL,'ANGGOTA','ANGGOTA AKTIF',NULL,'P4','WIL 1','2017-11-01','2017-10-30'),('AGT-226026',226026,NULL,NULL,'ANGGOTA','ANGGOTA AKTIF',NULL,'P5','WIL 4','2011-02-22','2012-02-22'),('AGT-226027',226027,NULL,NULL,'ANGGOTA','ANGGOTA AKTIF',NULL,'P4','WIL 1','2016-06-01','2016-05-10'),('AGT-226028',226028,NULL,NULL,'ANGGOTA','ANGGOTA AKTIF',NULL,'P1','WIL 2','2018-05-18','2018-03-15'),('AGT-226030',226030,NULL,NULL,'ANGGOTA','ANGGOTA AKTIF',NULL,'P4','WIL 1','2018-06-05','2018-05-02'),('AGT-226031',226031,NULL,NULL,'ANGGOTA','ANGGOTA AKTIF',NULL,'P1','WIL 2','2017-01-01','2016-12-15'),('AGT-226032',226032,NULL,NULL,'ANGGOTA','ANGGOTA AKTIF',NULL,'P5','WIL 4','2009-02-04','2009-01-28'),('AGT-226033',226033,NULL,NULL,'ANGGOTA','ANGGOTA AKTIF',NULL,'P5','WIL 4','2015-01-05','2014-10-22'),('AGT-226034',226034,NULL,NULL,'ANGGOTA','ANGGOTA AKTIF',NULL,'DOR','WIL 3','2019-08-08','2019-08-05'),('AGT-226035',226035,NULL,NULL,'ANGGOTA','ANGGOTA AKTIF',NULL,'DOR','WIL 3','2019-09-12','2019-08-01'),('AGT-226037',226037,NULL,NULL,'ANGGOTA','ANGGOTA AKTIF',NULL,'P5','WIL 4','2020-01-16','2019-04-01'),('AGT-226040',226040,NULL,NULL,'ANGGOTA','ANGGOTA AKTIF',NULL,'P5','WIL 4','2017-08-03','2017-08-03'),('AGT-226041',226041,NULL,NULL,'ANGGOTA','ANGGOTA AKTIF',NULL,'P5','WIL 4','2019-01-11','2019-01-11'),('AGT-226042',226042,NULL,NULL,'ANGGOTA','ANGGOTA AKTIF',NULL,'P5','WIL 4','2020-06-01','2020-06-30'),('AGT-226044',226044,NULL,NULL,'ANGGOTA','ANGGOTA AKTIF',NULL,'P5','WIL 4','2012-06-12','2012-01-12'),('AGT-226045',226045,NULL,NULL,'ANGGOTA','ANGGOTA AKTIF',NULL,'P3','WIL 3','2011-10-28','2011-10-28'),('AGT-226047',226047,NULL,NULL,'ANGGOTA','ANGGOTA AKTIF',NULL,'P2','WIL 3','2011-11-05','2011-11-05'),('AGT-226048',226048,NULL,NULL,'ANGGOTA','ANGGOTA AKTIF',NULL,'P5','WIL 4','2012-11-02','2012-10-02'),('AGT-226049',226049,NULL,NULL,'ANGGOTA','ANGGOTA AKTIF',NULL,'P2','WIL 3','2017-03-08','2017-03-12'),('AGT-226050',226050,NULL,NULL,'ANGGOTA','ANGGOTA AKTIF',NULL,'P5','WIL 4','2015-10-14','2015-10-01'),('AGT-226051',226051,NULL,NULL,'ANGGOTA','ANGGOTA AKTIF',NULL,'P5','WIL 4','2013-03-01','2013-03-01'),('AGT-226052',226052,NULL,NULL,'ANGGOTA','ANGGOTA AKTIF',NULL,'P5','WIL 4','2011-11-15','2011-10-28'),('AGT-226054',226054,NULL,NULL,'ANGGOTA','ANGGOTA AKTIF',NULL,'P5','WIL 4','2012-01-07','2011-12-15'),('AGT-226055',226055,NULL,NULL,'ANGGOTA','ANGGOTA AKTIF',NULL,'P5','WIL 4','2014-11-22','2014-10-15'),('AGT-226056',226056,NULL,NULL,'ANGGOTA','ANGGOTA AKTIF',NULL,'P5','WIL 4','2017-06-01','2017-04-24'),('AGT-226057',226057,NULL,NULL,'ANGGOTA','ANGGOTA AKTIF',NULL,'P3','WIL 3','2013-11-30','2013-11-30'),('AGT-226059',226059,NULL,NULL,'ANGGOTA','ANGGOTA AKTIF',NULL,'P5','WIL 4','2011-11-29','2011-11-07'),('AGT-226060',226060,NULL,NULL,'ANGGOTA','ANGGOTA AKTIF',NULL,'P3','WIL 3','2014-09-08','2011-09-08'),('AGT-226061',226061,NULL,NULL,'ANGGOTA','ANGGOTA AKTIF',NULL,'P2','WIL 3','2017-09-27','2017-09-26'),('AGT-226064',226064,NULL,NULL,'ANGGOTA','ANGGOTA AKTIF',NULL,'P5','WIL 3','2011-11-15','2011-11-05'),('AGT-226065',226065,NULL,NULL,'ANGGOTA','ANGGOTA AKTIF',NULL,'P2','WIL 3','2017-11-27','2017-10-22'),('AGT-226066',226066,NULL,NULL,'ANGGOTA','ANGGOTA AKTIF',NULL,'P5','WIL 4','2012-02-14','2012-01-19'),('AGT-226068',226068,NULL,NULL,'ANGGOTA','ANGGOTA AKTIF',NULL,'P3','WIL 3','2018-06-11','2018-06-11'),('AGT-226069',226069,NULL,NULL,'ANGGOTA','ANGGOTA AKTIF',NULL,'DOR','WIL 3','2018-05-18','2018-05-22'),('AGT-226070',226070,NULL,NULL,'ANGGOTA','ANGGOTA AKTIF',NULL,'P5','WIL 4','2012-03-02','2006-11-28'),('AGT-226071',226071,NULL,NULL,'ANGGOTA','ANGGOTA AKTIF',NULL,'P2','WIL 3','2014-04-04','2014-03-25'),('AGT-226072',226072,NULL,NULL,'ANGGOTA','ANGGOTA AKTIF',NULL,'P3','WIL 3','2013-09-11','2013-07-09'),('AGT-226075',226075,NULL,NULL,'ANGGOTA','ANGGOTA AKTIF',NULL,'PC','WIL 3','2011-11-01','2008-01-11'),('AGT-226076',226076,NULL,NULL,'ANGGOTA','ANGGOTA AKTIF',NULL,'P2','WIL 3','2011-11-30','2011-05-11'),('AGT-226077',226077,NULL,NULL,'ANGGOTA','ANGGOTA AKTIF',NULL,'P5','WIL 4','2017-12-23','2017-12-20'),('AGT-226078',226078,NULL,NULL,'ANGGOTA','ANGGOTA AKTIF',NULL,'P2','WIL 3','2012-02-02','2012-02-02'),('AGT-226080',226080,NULL,NULL,'ANGGOTA','ANGGOTA AKTIF',NULL,'P2','WIL 3','2017-07-14','2017-07-10'),('AGT-226081',226081,NULL,NULL,'ANGGOTA','ANGGOTA AKTIF',NULL,'P2','WIL 3','2013-01-30','2011-11-01'),('AGT-226082',226082,NULL,NULL,'ANGGOTA','ANGGOTA AKTIF',NULL,'P3','WIL 3','2012-09-23','2012-09-16'),('AGT-226084',226084,NULL,NULL,'ANGGOTA','ANGGOTA AKTIF',NULL,'P5','WIL 4','2018-10-02','2018-10-01'),('AGT-226085',226085,NULL,NULL,'ANGGOTA','ANGGOTA AKTIF',NULL,'P3','WIL 3','2016-11-01','2016-09-15'),('AGT-226086',226086,NULL,NULL,'ANGGOTA','ANGGOTA AKTIF',NULL,'P2','WIL 3','2016-01-07','2016-01-06'),('AGT-226087',226087,NULL,NULL,'ANGGOTA','ANGGOTA AKTIF',NULL,'P2','WIL 3','2013-01-24','2013-01-03'),('AGT-226088',226088,NULL,NULL,'ANGGOTA','ANGGOTA AKTIF',NULL,'P2','WIL 3','2014-11-29','2014-11-11'),('AGT-226090',226090,NULL,NULL,'ANGGOTA','ANGGOTA AKTIF',NULL,'P5','WIL 4','2019-06-02','2019-03-26'),('AGT-226092',226092,NULL,NULL,'ANGGOTA','ANGGOTA AKTIF',NULL,'DOR','WIL 3','2020-07-29','2020-07-29'),('AGT-226094',226094,NULL,NULL,'ANGGOTA','ANGGOTA AKTIF',NULL,'P5','WIL 4','2015-08-05','2015-08-04'),('AGT-226095',226095,NULL,NULL,'ANGGOTA','ANGGOTA AKTIF',NULL,'P2','WIL 3','2019-03-26','2019-02-04'),('AGT-226097',226097,NULL,NULL,'ANGGOTA','ANGGOTA AKTIF',NULL,'DOR','WIL 3','2020-07-24','2020-07-16'),('AGT-226099',226099,NULL,NULL,'ANGGOTA','ANGGOTA AKTIF',NULL,'P2','WIL 3','2017-10-09','2013-08-01'),('AGT-226101',226101,NULL,NULL,'ANGGOTA','ANGGOTA AKTIF',NULL,'P2','WIL 3','2018-05-18','2018-05-15'),('AGT-226102',226102,NULL,NULL,'ANGGOTA','ANGGOTA AKTIF',NULL,'P4','WIL 1','2012-07-01','2012-05-20'),('AGT-226103',226103,NULL,NULL,'PKD','ANGGOTA AKTIF',NULL,'P5','WIL 4','2012-05-01','2012-03-01'),('AGT-226104',226104,NULL,NULL,'ANGGOTA','ANGGOTA AKTIF',NULL,'P3','WIL 3','2018-04-05','2018-04-14'),('AGT-226106',226106,NULL,NULL,'ANGGOTA','ANGGOTA AKTIF',NULL,'P5','WIL 4','2015-01-12','2014-11-26'),('AGT-226107',226107,NULL,NULL,'ANGGOTA','ANGGOTA AKTIF',NULL,'P3','WIL 3','2016-02-09','2016-01-22'),('AGT-226108',226108,NULL,NULL,'ANGGOTA','ANGGOTA AKTIF',NULL,'P4','WIL 1','2020-05-15','2019-09-10'),('AGT-226110',226110,NULL,NULL,'ANGGOTA','ANGGOTA AKTIF',NULL,'P5','WIL 4','2019-02-02','2019-01-01'),('AGT-226111',226111,NULL,NULL,'ANGGOTA','ANGGOTA AKTIF',NULL,'P3','WIL 3','2016-10-01','2016-09-30'),('AGT-226112',226112,NULL,NULL,'ANGGOTA','ANGGOTA AKTIF',NULL,'P3','WIL 3','1991-01-04','2002-05-01'),('AGT-226113',226113,NULL,NULL,'ANGGOTA','ANGGOTA AKTIF',NULL,'P5','WIL 4','2011-11-15','2011-01-11'),('AGT-226116',226116,NULL,NULL,'ANGGOTA','ANGGOTA AKTIF',NULL,'P3','WIL 3','2014-06-16','2014-06-09'),('AGT-226117',226117,NULL,NULL,'ANGGOTA','ANGGOTA AKTIF',NULL,'P5','WIL 4','2004-11-01','2004-07-23'),('AGT-226118',226118,NULL,NULL,'ANGGOTA','ANGGOTA AKTIF',NULL,'P4','WIL 1','2009-06-07','2009-05-01'),('AGT-226119',226119,NULL,NULL,'ANGGOTA','ANGGOTA AKTIF',NULL,'P1','WIL 3','2020-08-01','2020-08-01'),('AGT-226120',226120,NULL,NULL,'ANGGOTA','ANGGOTA AKTIF',NULL,'DOR','WIL 3','2016-09-03','2016-07-27'),('AGT-226121',226121,NULL,NULL,'ANGGOTA','ANGGOTA AKTIF',NULL,'P4','WIL 1','2014-03-01','2014-02-11'),('AGT-226122',226122,NULL,NULL,'ANGGOTA','ANGGOTA AKTIF',NULL,'P5','WIL 4','2018-10-22','2018-09-09'),('AGT-226125',226125,NULL,NULL,'ANGGOTA','ANGGOTA AKTIF',NULL,'P1','WIL 2','2015-05-01','2007-04-01'),('AGT-226126',226126,NULL,NULL,'ANGGOTA','ANGGOTA AKTIF',NULL,'P4','WIL 1','2017-06-01','2017-05-07'),('AGT-226129',226129,NULL,NULL,'ANGGOTA','ANGGOTA AKTIF',NULL,'P1','WIL 2','1997-08-02','2002-07-02'),('AGT-226130',226130,NULL,NULL,'ANGGOTA','ANGGOTA AKTIF',NULL,'P1','WIL 2','2011-11-07','2010-08-16'),('AGT-226131',226131,NULL,NULL,'ANGGOTA','ANGGOTA AKTIF',NULL,'P5','WIL 4','2014-12-01','1994-06-25'),('AGT-226132',226132,NULL,NULL,'ANGGOTA','ANGGOTA AKTIF',NULL,'P1','WIL 3','2019-09-20','2019-09-20'),('AGT-226133',226133,NULL,NULL,'ANGGOTA','ANGGOTA AKTIF',NULL,'P5','WIL 4','2018-11-06','2020-06-11'),('AGT-226134',226134,NULL,NULL,'ANGGOTA','ANGGOTA AKTIF',NULL,'P5','WIL 4','2016-03-07','2014-02-14'),('AGT-226137',226137,NULL,NULL,'ANGGOTA','ANGGOTA AKTIF',NULL,'P2','WIL 3','2002-07-01','2002-07-01'),('AGT-226139',226139,NULL,NULL,'ANGGOTA','ANGGOTA AKTIF',NULL,'P1','WIL 2','2020-04-03','2019-10-02'),('AGT-226141',226141,NULL,NULL,'ANGGOTA','ANGGOTA AKTIF',NULL,'P1','WIL 2','2012-01-01','2012-01-01'),('AGT-226144',226144,NULL,NULL,'ANGGOTA','ANGGOTA AKTIF',NULL,'P1','WIL 2','2007-10-08','2007-08-16'),('AGT-226148',226148,NULL,NULL,'ANGGOTA','ANGGOTA AKTIF',NULL,'P1','WIL 2','2018-02-19','2018-02-15'),('AGT-226157',226157,NULL,NULL,'ANGGOTA','ANGGOTA AKTIF',NULL,'P2','WIL 3','2009-12-20','2009-12-20'),('AGT-226162',226162,NULL,NULL,'ANGGOTA','ANGGOTA AKTIF',NULL,'P1','WIL 2','2020-07-26','2020-08-01'),('AGT-226163',226163,NULL,NULL,'PKD','ANGGOTA AKTIF',NULL,'P5','WIL 4','2013-06-13','2011-03-01'),('AGT-226171',226171,NULL,NULL,'ANGGOTA','ANGGOTA AKTIF',NULL,'P1','WIL 2','2008-04-01','2008-01-04'),('AGT-226175',226175,NULL,NULL,'ANGGOTA','ANGGOTA AKTIF',NULL,'P1','WIL 2','2007-08-17','2007-06-07'),('AGT-226176',226176,NULL,NULL,'ANGGOTA','ANGGOTA AKTIF',NULL,'P1','WIL 2','2014-02-01','2011-05-17'),('AGT-226178',226178,NULL,NULL,'ANGGOTA','ANGGOTA AKTIF',NULL,'P1','WIL 2','2007-09-22','2007-07-01'),('AGT-226180',226180,NULL,NULL,'ANGGOTA','ANGGOTA AKTIF',NULL,'P1','WIL 2','2000-02-01','1995-10-01'),('AGT-226189',226189,NULL,NULL,'ANGGOTA','ANGGOTA AKTIF',NULL,'P1','WIL 2','2007-01-01','2006-12-01'),('AGT-226191',226191,NULL,NULL,'ANGGOTA','ANGGOTA AKTIF',NULL,'P1','WIL 2','2010-03-15','2010-03-01'),('AGT-226192',226192,NULL,NULL,'ANGGOTA','ANGGOTA AKTIF',NULL,'P1','WIL 2','2009-02-02','2009-01-15'),('AGT-226193',226193,NULL,NULL,'ANGGOTA','ANGGOTA AKTIF',NULL,'P1','WIL 2','2007-08-27','2004-06-17'),('AGT-226194',226194,NULL,NULL,'ANGGOTA','ANGGOTA AKTIF',NULL,'P1','WIL 2','1992-12-30','1991-08-07'),('AGT-226195',226195,NULL,NULL,'ANGGOTA','ANGGOTA AKTIF',NULL,'P1','WIL 2','2018-08-01','2018-07-31'),('AGT-226197',226197,NULL,NULL,'ANGGOTA','ANGGOTA AKTIF',NULL,'P1','WIL 2','2015-09-01','2008-09-01'),('AGT-226200',226200,NULL,NULL,'ANGGOTA','ANGGOTA AKTIF',NULL,'P1','WIL 2','2010-01-02','2009-01-02'),('AGT-226201',226201,NULL,NULL,'ANGGOTA','ANGGOTA AKTIF',NULL,'P4','WIL 1','2009-01-09','2009-01-08'),('AGT-226205',226205,NULL,NULL,'ANGGOTA','ANGGOTA AKTIF',NULL,'P1','WIL 2','2015-08-19','2015-07-07'),('AGT-226206',226206,NULL,NULL,'ANGGOTA','ANGGOTA AKTIF',NULL,'P1','WIL 2','2017-09-30','2007-10-01'),('AGT-226208',226208,NULL,NULL,'ANGGOTA','ANGGOTA AKTIF',NULL,'P1','WIL 2','1995-08-15','1995-02-02'),('AGT-226209',226209,NULL,NULL,'ANGGOTA','ANGGOTA AKTIF',NULL,'HO','WIL 2','2018-01-02','2017-08-08'),('AGT-226212',226212,NULL,NULL,'ANGGOTA','ANGGOTA AKTIF',NULL,'P1','WIL 2','2015-09-01','2012-02-07'),('AGT-226215',226215,NULL,NULL,'ANGGOTA','ANGGOTA AKTIF',NULL,'P1','WIL 2','2009-01-05','2009-01-05'),('AGT-226219',226219,NULL,NULL,'ANGGOTA','ANGGOTA AKTIF',NULL,'P1','WIL 2','2013-05-07','2009-02-28'),('AGT-226224',226224,NULL,NULL,'ANGGOTA','ANGGOTA AKTIF',NULL,'P1','WIL 2','2009-01-05','2009-01-01'),('AGT-226226',226226,NULL,NULL,'ANGGOTA','ANGGOTA AKTIF',NULL,'P1','WIL 2','2011-06-03','2010-12-01'),('AGT-226229',226229,NULL,NULL,'ANGGOTA','ANGGOTA AKTIF',NULL,'P1','WIL 2','2020-06-15','2010-07-01'),('AGT-226231',226231,NULL,NULL,'ANGGOTA','ANGGOTA AKTIF',NULL,'P1','WIL 2','2007-08-17','2007-07-01'),('AGT-226235',226235,NULL,NULL,'ANGGOTA','ANGGOTA AKTIF',NULL,'P1','WIL 2','2011-03-31','2011-02-20'),('AGT-226238',226238,NULL,NULL,'ANGGOTA','ANGGOTA AKTIF',NULL,'P1','WIL 2','2021-02-01','2020-12-01'),('AGT-226298',226298,NULL,NULL,'ANGGOTA','ANGGOTA AKTIF',NULL,'P4','WIL 1','2021-02-11','2021-02-11'),('AGT-226330',226330,NULL,NULL,'ANGGOTA','ANGGOTA AKTIF',NULL,'P4','WIL 1','2009-01-07','2009-12-05'),('AGT-226331',226331,NULL,NULL,'ANGGOTA','ANGGOTA AKTIF',NULL,'HO','WIL 2','2018-10-10','2018-06-18'),('AGT-226335',226335,NULL,NULL,'ANGGOTA','ANGGOTA AKTIF',NULL,'HO','WIL 2','2021-01-02','2016-09-16'),('AGT-226336',226336,NULL,NULL,'ANGGOTA','ANGGOTA AKTIF',NULL,'HO','WIL 2','2019-04-01','2019-03-29'),('AGT-226337',226337,NULL,NULL,'ANGGOTA','ANGGOTA AKTIF',NULL,'P4','WIL 1','2011-01-03','2010-12-01'),('AGT-226338',226338,NULL,NULL,'ANGGOTA','ANGGOTA AKTIF',NULL,'VLC','WIL 2','2015-09-10','2015-08-01'),('AGT-226342',226342,NULL,NULL,'ANGGOTA','ANGGOTA AKTIF',NULL,'P4','WIL 1','2018-08-01','2011-08-10'),('AGT-226343',226343,NULL,NULL,'ANGGOTA','ANGGOTA AKTIF',NULL,'P4','WIL 1','2007-01-08','2007-04-01'),('AGT-226344',226344,NULL,NULL,'ANGGOTA','ANGGOTA AKTIF',NULL,'P4','WIL 1','2018-08-01','2010-05-10'),('AGT-226345',226345,NULL,NULL,'ANGGOTA','ANGGOTA AKTIF',NULL,'P4','WIL 1','2019-04-12','2010-05-15'),('AGT-226516',226516,NULL,NULL,'ANGGOTA','ANGGOTA AKTIF',NULL,'P5','WIL 4','2021-04-05','2021-03-30'),('AGT-226869',226869,NULL,NULL,'ANGGOTA','ANGGOTA AKTIF',NULL,'P4','WIL 1','2021-05-22','2021-05-21'),('AGT-226872',226872,NULL,NULL,'ANGGOTA','ANGGOTA AKTIF',NULL,'P4','WIL 1','2021-05-22','2021-05-01'),('AGT-227462',227462,NULL,NULL,'ANGGOTA','ANGGOTA AKTIF',NULL,'P2','WIL 3','2021-08-27','2021-08-27'),('sip-987654',987654,NULL,NULL,NULL,NULL,NULL,NULL,NULL,NULL,NULL);

/*Table structure for table `korlap` */

DROP TABLE IF EXISTS `korlap`;

CREATE TABLE `korlap` (
  `id_korlap` varchar(25) NOT NULL,
  `id_akun` varchar(25) DEFAULT NULL,
  `id_biodata` varchar(25) DEFAULT NULL,
  `id_employee` varchar(25) DEFAULT NULL,
  `id_berkas` varchar(25) DEFAULT NULL,
  PRIMARY KEY (`id_korlap`),
  UNIQUE KEY `id_akun` (`id_akun`),
  UNIQUE KEY `id_biodata` (`id_biodata`),
  UNIQUE KEY `id_employee` (`id_employee`),
  UNIQUE KEY `id_berkas` (`id_berkas`)
) ENGINE=InnoDB DEFAULT CHARSET=utf8mb4;

/*Data for the table `korlap` */

/*Table structure for table `sipd` */

DROP TABLE IF EXISTS `sipd`;

CREATE TABLE `sipd` (
  `id_sipd` varchar(25) NOT NULL,
  `id_akun` varchar(25) DEFAULT NULL,
  `id_korlap` varchar(25) DEFAULT NULL,
  `id_danru` varchar(25) DEFAULT NULL,
  `id_anggota` varchar(25) DEFAULT NULL,
  `id_biodata` varchar(25) DEFAULT NULL,
  `id_employee` varchar(25) DEFAULT NULL,
  `id_berkas` varchar(25) DEFAULT NULL,
  PRIMARY KEY (`id_sipd`),
  UNIQUE KEY `id_akun` (`id_akun`),
  UNIQUE KEY `id_korlap` (`id_korlap`),
  UNIQUE KEY `id_danru` (`id_danru`),
  UNIQUE KEY `id_anggota` (`id_anggota`),
  UNIQUE KEY `id_biodata` (`id_biodata`),
  UNIQUE KEY `id_employee` (`id_employee`),
  UNIQUE KEY `id_berkas` (`id_berkas`)
) ENGINE=InnoDB DEFAULT CHARSET=utf8mb4;

/*Data for the table `sipd` */

insert  into `sipd`(`id_sipd`,`id_akun`,`id_korlap`,`id_danru`,`id_anggota`,`id_biodata`,`id_employee`,`id_berkas`) values ('sip-987654','sip-987654',NULL,NULL,NULL,'sip-987654','sip-987654','sip-987654');

/*Table structure for table `tbl_plan_report` */

DROP TABLE IF EXISTS `tbl_plan_report`;

CREATE TABLE `tbl_plan_report` (
  `id` int(11) NOT NULL AUTO_INCREMENT,
  `longitude` varchar(200) DEFAULT NULL,
  `latitude` varchar(200) DEFAULT NULL,
  `plan` varchar(100) DEFAULT NULL,
  PRIMARY KEY (`id`)
) ENGINE=InnoDB AUTO_INCREMENT=17 DEFAULT CHARSET=utf8mb4;

/*Data for the table `tbl_plan_report` */

insert  into `tbl_plan_report`(`id`,`longitude`,`latitude`,`plan`) values (12,'106.885571','-6.1456986','1'),(13,'106.8855766','-6.1457096','1'),(14,'106.885573','-6.1457099','1'),(15,'106.8855086','-6.1457961','1'),(16,'106.8851961','-6.1459728','1');

/*Table structure for table `tbl_report_patrol` */

DROP TABLE IF EXISTS `tbl_report_patrol`;

CREATE TABLE `tbl_report_patrol` (
  `id` int(11) NOT NULL AUTO_INCREMENT,
  `id_npk` varchar(10) DEFAULT NULL,
  `nama` varchar(100) DEFAULT NULL,
  `lokasi` varchar(100) DEFAULT NULL,
  `tanggal` date DEFAULT NULL,
  `jam` time DEFAULT NULL,
  `keterangan` text DEFAULT NULL,
  `picture` varchar(255) DEFAULT NULL,
  PRIMARY KEY (`id`)
) ENGINE=InnoDB AUTO_INCREMENT=3 DEFAULT CHARSET=utf8mb4;

/*Data for the table `tbl_report_patrol` */

insert  into `tbl_report_patrol`(`id`,`id_npk`,`nama`,`lokasi`,`tanggal`,`jam`,`keterangan`,`picture`) values (1,'sip-987654','Murry Febriansyah Putra','1','2021-12-21','09:08:10',NULL,'ralph-kelly-z9fFOzL5L_Y-unsplash.jpg'),(2,'sip-987654','Murry Febriansyah Putra','1','2021-12-21','09:11:24','tester','WhatsApp Image 2021-11-16 at 14.14.41.jpeg');

/*!40101 SET SQL_MODE=@OLD_SQL_MODE */;
/*!40014 SET FOREIGN_KEY_CHECKS=@OLD_FOREIGN_KEY_CHECKS */;
